mhy_id,name,dropping,attack,element,weakness,introduction,label,icon
170,岩盾丘丘暴徒,"['摩拉', '沉重号角', '黑铜号角', '黑晶号角', '破损的面具', '污秽的面具', '不祥的面具', '战狂', '教官', '流放者', '游医']",岩盾冲撞，挥盾猛击，格挡反击，投掷岩史莱姆，无盾冲撞，无盾挥击,岩,可使用兔兔伯爵嘲讽，从而直接对本体造成伤害。,以顽岩为盾的丘丘人大块头。对于丘丘人而言，最重要的事情就是吃肉和打架，让身体变得强壮。如果能成为丘丘暴徒这样又大又壮的战士就能吃更多肉、打更多架、举起(几乎)坚不可摧的巨大岩盾了。丘丘人的部落当中，百里挑一的强壮勇士，使用牢固的岩石巨盾战斗。丘丘人的文明中没有神，也没有秩序。只要够强壮，打架够狠，就能成为它们的领袖。与木盾丘丘暴徒不同，利用岩元素构成的盾牌保护自己。厚重的岩元素攻击、双手剑，或者剧烈的爆炸，应该可以有效破坏岩盾吧...,master,https://uploadstatic.mihoyo.com/ys-obc/2020/03/21/408757/a6c4bcdb7d1bbc9b446e4e5f1a330008_6336490794819989740.png
224,无相之岩·基末尔,"['冒险阅历', '摩拉', '好感经验', '角色经验', '玄岩之塔', '坚牢黄玉碎屑', '坚牢黄玉断片', '坚牢黄玉块', '坚牢黄玉', '教官', '流放者', '游医', '角斗士的终幕礼', '流浪大地的乐团']",暂无,岩,暂无,用惰性的方壳保护自己与战斗的强大元素魔物。抓住元素核心暴露在外的时机，才能有效攻击。会利用创造出的岩元素固件进行战斗，在危急时刻恢复生命。挑战无相之岩时请在队伍配备至少一名可以使用厚重的岩元素攻击、双手剑，或者剧烈的爆炸的角色。,master,https://uploadstatic.mihoyo.com/ys-obc/2020/03/24/408757/c7e66ea3659d9049117dd9b788e887f0_6921991523773184762.png
919,丘丘岩盔王,"['摩拉', '沉重号角', '黑铜号角', '黑晶号角', '破损的面具', '污秽的面具', '不祥的面具', '战狂', '教官', '流放者', '游医']",挥击，挥击重拳，冲锋，蓄力坠击，投掷岩史莱姆，岩铠·挥击重锤，岩铠·冲锋，岩铠·蓄力坠击，岩铠·连续坠击，岩铠·砸地，岩铠·连续砸地，岩铠·投掷大型岩史莱姆，岩铠·连续砸地之转身给你一拳。,岩,旅行者可以尽量采取双手剑的方式作战。附着一层岩元素铠甲，尽量使用双手剑，超载等剧烈的攻击快速破除岩元素铠甲。,墟散人离之处千嶂中漫行的神秘「王者」。被同胞称为「Lawa」的庞大丘丘人。环境中增生的岩元素化成了它们身体的一部分仿佛血肉与皮肤皆由不移的山岩雕琢而成。体内积聚了大量的元素，发生了变异的丘丘暴徒。更大、更壮、更凶悍。,master,https://uploadstatic.mihoyo.com/ys-obc/2020/06/25/8797197/ca5cf0fb3241849c45ae380fccb24a4d_4054225810625146657.png
957,岩盾丘丘人,"['摩拉', '破损的面具', '污秽的面具', '不祥的面具']",暂无,岩,暂无,提瓦特荒野中游荡的原始住民。岩元素富集的地域中顽强生存的丘丘人，其坚不可摧的盾牌上增生着层层磐岩。遍布大陆，有这最基础文明形态的人形魔物。与木盾丘丘人不同，利用岩元素构成的盾牌保护自己。厚重的岩元素攻击、双手剑，或者剧烈的爆炸，应该可以有效破坏岩盾吧···,master,https://uploadstatic.mihoyo.com/ys-obc/2020/07/09/408757/3e8c5e4cc89b1a2cc5a64660dbb1b2fd_8937042923728783063.png
966,岩丘丘萨满,"['摩拉', '导能绘卷', '封魔绘卷', '禁咒绘卷', '破损的面具', '污秽的面具', '不祥的面具']",挥棍，岩刺，岩柱，岩震,岩,利用弓箭角色瞄准弱点进行攻击，可以击落立于岩柱上的敌人。优先击落并击杀萨满，可以使其他岩柱崩塌。,嘟嘟囔囔的老年丘丘人，岩元素的倾听者。在元素掌控方面颇富天资的丘丘人，其能力往往会在年老时达到顶峰。同千古的顽岩相比，即使最年老的丘丘人也不过孩童但记忆与经验引导它们获得了操使岩石的权能。丘丘人当中的萨满祭司。能在一定程度上求得元素的帮助。「面具的造型设计有着恫吓敌人的意味，但反而让它们看起来有些亲切。」——雅各布·马斯克会利用岩元素构成牢固的石柱，使自己与其他魔物远离危险。厚重的岩元素攻击、双手剑，或者剧烈的爆炸能有效摧毁石柱。如果能快速打倒它，也能使石柱失去维持的魔力...,master,https://uploadstatic.mihoyo.com/ys-obc/2020/07/08/408757/06617d6e9932e838a9384ca699f8121d_4306762786580482772.png
992,岩史莱姆,"['摩拉', '史莱姆凝液', '史莱姆清', '史莱姆原浆']",撞击，蓄力坠击，岩石射击，岩石铠甲, 岩,暂无,大地之中的岩元素凝聚形成的小小魔物。广义而言，地壳之中蕴含着丰富的岩元素。由此产生的岩史莱姆也让人有着脚踏实地的感觉。大地之中的岩元素凝聚形成的魔物。能将体内的力量凝结成岩壳，保护自己不受伤害。过去在盗宝团中一度流传着「大黄金岩史莱姆王」的说法，认为既然不少宝石与矿物中蕴含岩元素，那蕴含岩元素的史莱姆同样很可能是宝石与矿物。圆滚滚的元素生物利用坚硬的岩元素护罩保护自己的史莱姆。厚重的岩元素攻击、双手剑，或者剧烈的爆炸，应该可以有效破坏护罩吧...,master,https://uploadstatic.mihoyo.com/ys-obc/2020/07/14/408757/cb8d9e57a7dc1d79118b9be7c32330a0_3278947125784842351.png
1105,愚人众先遣队·岩使游击兵,"['摩拉', '新兵的徽记', '士官的徽记', '尉官的徽记']",暂无,岩,暂无,持有驾驭尘岩的法杖，能够创造晶岩护罩的愚人众士兵。能进入某种元素增幅状态。如果要破除他的增幅状态与护罩，或许可以利用对付岩元素的方法对付他...能驱使岩元素构成护罩，保护战友的先遣队士兵。不同于少数精锐的债务处理人与萤术士，先遣队的单兵实力与装备较为薄弱。为了完成任务，为了减少人员与物资的损耗，先遣队的战术更讲究团队协作。愚人众战争机器中的士兵。「先遣队」之名意味着生死不问，深入祖国以外的土地完成前期任务，为未来的某些行动夯实基础。不同于少数精锐的债务处理人与萤术士，先遣队的单兵实力与装备较为薄弱。为了完成任务，为了减少人员与物资的损耗，先遣队的战术更讲究团队协作。,master,https://uploadstatic.mihoyo.com/ys-obc/2020/09/20/8797197/9a16b5835940f835a78f5d8c847ff00f_804541192527566239.png
1495,岩龙蜥,"['摩拉', '脆弱的骨片', '结实的骨片', '石化的骨片', '战狂', '教官', '流放者', '游医']",爪击，连续锤击，连续坠击，冲撞坠击，冰附魔·爪击，冰附魔·连续锤击，冰附魔·连续坠击，冰附魔·冲撞坠击，雷附魔·爪击，雷附魔·连续锤击，雷附魔·连续坠击，雷附魔·冲撞坠击，水附魔·延迟水柱，水附魔·爪击，水附魔·连续锤击，水附魔·连续坠击，水附魔·冲撞坠击，火附魔·爪击，火附魔·连续锤击，火附魔·连续坠击，火附魔·冲撞坠击, 岩,暂无,体格强壮的成年岩龙蜥。攻击中的某一式命中受到护盾庇护的角色，并且未能破坏护盾时，会因为反作用力而暂时陷入瘫痪状态...成熟的岩之龙蜥。据称，幼岩龙蜥历经漫长岁月的积累后，会蜕去原本保护自己的装甲，成为「岩龙蜥」。但这两者，以及更古老、更伟大的「古岩龙蜥」，在过去的许多年中都蛰伏在山下，直到近期才开始活动。因此这种说法没有第一手观测记录证明。,master,https://uploadstatic.mihoyo.com/ys-obc/2021/01/12/8797197/c49d6e94bf6046b9f9a44f4096089db4_4942164765281942297.png
1496,古岩龙蜥,"['冒险阅历', '摩拉', '好感经验', '角色经验', '未熟之玉', '坚牢黄玉碎屑', '坚牢黄玉断片', '坚牢黄玉块', '坚牢黄玉', '最胜紫晶碎屑', '最胜紫晶断片', '最胜紫晶块', '最胜紫晶', '哀叙冰玉碎屑', '哀叙冰玉断片', '哀叙冰玉块', '哀叙冰玉', '燃愿玛瑙碎屑', '燃愿玛瑙断片', '燃愿玛瑙块', '燃愿玛瑙', '涤净青金碎屑', '涤净青金断片', '涤净青金块', '涤净青金', '战狂', '教官', '流放者', '祭雷之人', '祭冰之人', '祭火之人', '祭水之人', '角斗士的终幕礼', '流浪大地的乐团']",爪击，按趴，连续爪击，突进爪击，潜龙，甩尾，喷射背刺，投掷尾刺，延时元素刺，吐息，原岩喷吐,岩,暂无,从悠古的长眠中苏醒的古岩龙蜥，能汲取各种元素的力量，进行水、火、冰、雷四种元素的「原岩喷吐」攻击。当这种攻击命中受到护盾庇护的角色时，古岩龙蜥会受到伤害反噬；如果护盾的元素属性与原岩喷吐的元素属性相同，或者是岩元素护盾，反噬的伤害会更加剧烈...全解析古岩龙蜥经历了长久岁月，拥有伟大力量的巨大岩龙蜥，能够适应元素环境的异变。根据民话，导致天遒谷毁灭的「龙灾」发生后，岩龙蜥与古岩龙蜥们沉入大地之中，等待着复起的时机...,master,https://uploadstatic.mihoyo.com/ys-obc/2021/01/13/8797197/44aa43fe0011465e3754d9ae80d7da55_6289274401117333917.png
3162,黄金王兽,"['角色经验', '冒险阅历', '摩拉', '好感经验', '兽境王器', '坚牢黄玉碎屑', '坚牢黄玉断片', '坚牢黄玉块', '坚牢黄玉', '教官', '流放者', '游医', '角斗士的终幕礼', '流浪大地的乐团']",甩尾，横冲直撞，三连喷吐，岩喷射，狼卷风，兽境犬首，画狼点睛，黄金回旋,岩,暂无,鹤观兽境群狼之王。黄金王兽的攻击会施加可叠加的「侵蚀」状态，使队伍中所有角色持续损失生命值。在战斗中，黄金王兽会召唤「兽境犬首」，为自己赋予护盾并进入「嗜魔」状态，岩元素抗性降低的同时提高攻击能力对兽境犬首进行岩元素攻击以快速破除黄金王兽的护盾。来自异界的扭曲魔兽。统领兽境群狼的王者，拥有指挥狼群溶解空间的权威。来自晦暗的异界，是漆黑群狼之中的王，具有号令隐爪之异兽为它溶解空间，创造通行的裂隙的权能。王兽并没有名字，因为本身不过是「黄金」无心的造物；正因如此，才会更执着于侵入不属于它的世界，以自己的力量争取名号吧。但狼群绝非痴钝之物。此前的入侵受挫后选择了既无人、也无守护者的荒凉远岛，为王兽的降临做准备。,master,https://uploadstatic.mihoyo.com/ys-obc/2021/11/14/8797197/5a6c57fe39c95edaa3f70e8adb4da3ab_2786905353465368078.png
4398,伸缩岩蕈兽,"['摩拉', '蕈兽孢子', '荧光孢粉', '孢囊晶尘', '失活菌核', '休眠菌核', '茁壮菌核']",头槌，翻滚,岩,无害的小可爱！真的要打吗？在遇到火元素或雷元素后，会转化成「枯焦」或「活化」状态，并且在这个状态下能产生特别的素材。,拥有一定智能的孢子生物。具有强大的环境适应能力。富集的岩元素在它们的菌盖上形成了坚硬的外壳。为了挥舞沉重的头部，想必其身体结构相比同类也更加紧密。言以蔽之的话，就是过度成长、过度进化的孢子。据说蕈兽的广布来自实验事故。最初须弥的贤人骐骥将孢子一些特性运用在救死扶伤上。若果真如此，此人显然低估了孢子的环境适应力与传播能力。,master,https://uploadstatic.mihoyo.com/ys-obc/2022/08/20/8797197/95cb98b7059fc364fb5f1fc3ba66fb98_4442657421815503537.png
4802,镀金旅团·魔岩役使,"['摩拉', '褪色红绸', '镶边红绸', '织金红绸']",三连击，裂地斩，大陀螺，大跃击，召唤（魔蜥厄灵），魔蜥厄灵-嘶吼，魔蜥厄灵-震荡，魔蜥厄灵-震地, 岩,暂无,在古代。这些重装的武士乃是烈日君王最为亲信的宿卫。或许正是由于这个缘故。他们身上至今仍流溢着太阳般的金色光辉使用的武器中封印着残破的厄灵，会在危急时苏醒。只有战败者的哀嚎才能平息他们的愤怒。--不论败者是武器的主人，抑或是敌人。,master,https://uploadstatic.mihoyo.com/ys-obc/2022/09/24/4521515/349abf9aab0ed72f19f798785a70d800_2903525877582699055.jpg
4841,陆行岩本真蕈,"['摩拉', '蕈兽孢子', '荧光孢粉', '孢囊晶尘', '失活菌核', '休眠菌核', '茁壮菌核']",冲锋，回旋飞踢，跃击,岩,无害的小可爱！真的要打吗？在遇到火元素或雷元素后，会转化成「枯焦」或「活化」状态，并且在这个状态下能产生特别的素材。,蕈兽孢子荧光孢粉孢囊晶尘失活菌核休眠菌核茁壮菌核孢子构成的拟态生物，具有强大的环境适应能力。受到岩元素的影响，部分组织似乎已经完全角质化了。考虑到蕈类本就是从孢子进化而来，假以时日，或许可以以此为基础发展出另一种全新的生命形态。在蕈兽群落中占有主导地位，显示出其拥有着更高的智能。言以蔽之的话，就是过度成长、过度进化的孢子。据说蕈兽的广布来自实验事故。最初须弥的贤人骐骥将孢子一些特性运用在救死扶伤上。若果真如此，此人显然低估了孢子的环境适应力与传播能力。,master,https://uploadstatic.mihoyo.com/ys-obc/2022/09/28/8797197/f3c071530993b0de75845724357c963f_3951379670054141793.png
2479,雷斧丘丘暴徒,"['摩拉', '沉重号角', '黑铜号角', '黑晶号角', '破损的面具', '污秽的面具', '不祥的面具', '战狂', '教官', '流放者', '游医']",巨斧挥打，二连跃击，史莱姆投掷，雷斧大风车,物理、雷,试着将雷丘丘暴徒引入水中有奇效（感电感电感电感电感电......）,持长柄大斧的丘丘人大块头。攻击大开大合，会利用雷史莱姆为战斧附上雷元素，具有强大的破坏力。钢铁锻造的斧头是非常良好的感电材料。高大魁梧的雷斧丘丘暴徒高举大斧，召引天雷的样子对丘丘人而言可是相当雄壮的景象。丘丘人的部落当中，百里挑一的强壮勇士。对于丘丘人而言，最重要的事情就是吃肉和打架，让身体变得强壮。如果能成为丘丘暴徒这样又大又壮的战士，就能吃更多肉、打更多架了。,master,https://uploadstatic.mihoyo.com/ys-obc/2021/08/03/4521515/a6c4bcdb7d1bbc9b446e4e5f1a330008_5979499339659287880.png
4332,镀金旅团·鸦喙戟手,"['摩拉', '褪色红绸', '镶边红绸', '织金红绸']",冲刺跳劈，回旋跳劈,物理,暂无,来自黄金一般的沙漠，是松散佣兵团体中的一员。为了报酬，愿意为任何人效力。使用名为「鸦喙戟」的武器进行战斗。传说在古代，侍奉沙漠神祇的隐士会携带这种战戟作为身份的象征。这种武器的真名已经失落在了沙海中。来自黄金一般的沙漠的松散佣兵团体。为了报酬，愿意为任何人效力。「镀金旅团」是沙之民以外的人对他们的统称，其中有着诸如「法罗赫之子」这样的佣兵团体，也有「塔尼特」这样的部族。作为没有神的民族，多数的「镀金旅团」成员只会为了生计与雇主施展沙漠遗民的武艺。,master,https://uploadstatic.mihoyo.com/ys-obc/2022/08/22/8797197/8359aea6a5e257c63adffb55d8979c2c_8818639182511024288.png
152,木盾丘丘暴徒,"['摩拉', '沉重号角', '黑铜号角', '黑晶号角', '破损的面具', '污秽的面具', '不祥的面具', '战狂', '教官', '流放者', '游医']",持盾冲撞，挥盾猛击，史莱姆投掷，肉弹冲击，无盾挥击，生成护盾,物理,通过草元素构成的巨大木盾，来攻击与防御。如果能用某种方式把盾牌烧掉的话...可使用兔兔伯爵进行嘲讽。持盾时，其被攻击会朝向受击的一面，可利用此对其本体造成伤害。可尝试进行冰冻后对本体直接攻击。,经历无数战斗历练的丘丘人大块头。会利用草史莱姆创造坚固的木盾，进行战斗。拥有强健的肌肉，油亮的鬃毛，可靠的宽厚背影，一顿饭吃下很多肉的豪放，能为丘丘人抵挡毫不留情的冒险者，在部族当中有着相当崇高的地位。丘丘人的部落当中，百里挑一的强壮勇士，使用木制的巨盾战斗。对于丘丘人而言，最重要的事情就是吃肉和打架，让身体变得强壮。如果能成为丘丘暴徒这样又大又壮的战士，就能吃更多肉、打更多架了。,master,https://uploadstatic.mihoyo.com/ys-obc/2020/03/20/408757/a6c4bcdb7d1bbc9b446e4e5f1a330008_7327605618490546670.png
252,遗迹猎者,"['摩拉', '混沌装置', '混沌回路', '混沌炉心', '战狂', '教官', '流放者', '游医']",暂无,物理,极其难缠的遗迹机械，高空悬浮时尤其危险。如果能命中它在高空悬浮时，裸露的头部核心的话...自身无属性，可尝试使用水和冰进行冰冻。蓄力穿刺时需要拉开距离并持续冲刺，或者利用地形规避攻击。,巨大的异形战斗机械。传说是已经覆灭的国度留下的战争机械。似乎是为了提高战斗性能，设计上放弃了低效的拟人形态。无论是白刃战还是远程炮火的威力都相当恐怖。仅仅是废弃的古代兵器就有如此能力，曾经能生产这种兵器的文明又是如何呢···,master,https://uploadstatic.mihoyo.com/ys-obc/2020/03/26/408757/cbb0aaa23c5ac90ad7a8914057426f2d_5507248054447181795.png
322,遗迹守卫,"['摩拉', '混沌装置', '混沌回路', '混沌炉心', '战狂', '教官', '流放者', '游医']",暂无,物理,无属性，使用水和冰进行冰冻有不错的效果。,古老的人形战斗机械。传说是已经覆灭的国度留下的战争机械，会徘徊至世界各地的遗迹废都，并攻击冒失的旅人。研究表明遗迹守卫与这些废墟并非同源，表明两者的时代也相差至少数千年，为何遗迹守卫会驻留在其中，并以「爆炸性的火力」守护这些残垣断壁呢...古老的人形战斗机械。传说是已经覆灭的国度留下的战争机械，但也有人认为，这款机器开发的目的不是为了战斗，而是为了守护过去留下的遗迹。虽然这无法解释，为何它们会在理应守护的遗迹中，使用爆炸性的火力攻击就是了···旅行者可以尽量采用远程攻击的方式作战，其前后两个明显的弱点是突破口。制导飞弹有很高的跟踪性，可以选择躲在掩体后面或者即将命中时进行冲刺躲避，也可使用角色自身的创造物，但如果有凝光的话...,master,https://uploadstatic.mihoyo.com/ys-obc/2020/03/27/8797197/821ddc95a9abeb0d4462854d2c3cdf42_4064832142866999366.png
956,冲锋丘丘人,"['摩拉', '破损的面具', '污秽的面具', '不祥的面具']",暂无,物理,可尝试使用水或者冰元素灭掉火把使其威胁大幅度降低。,提瓦特荒野中游荡的原始住民。为了击退来犯的冒险者，会挥舞着熊熊燃烧的棒槌，一往无前地奋勇冲锋。草原或森林中发生野火的话，通常而言，并不是因为某名特别的「骑士」，而是因为这种丘丘人的犯行。遍布大陆，有这最基础文明形态的人形魔物。毛发为红棕色的丘丘人，手中拿着末端燃烧的木棍，性格暴躁，发现敌人后便一鼓作气地横冲直撞攻击，此时向后逃跑很难躲开它的攻击，正确做法是通过往两侧方向的闪避，让冲锋丘丘人失去准头而跌落悬崖或湖泊。,master,https://uploadstatic.mihoyo.com/ys-obc/2020/07/09/408757/f8d26d6a9ed0fcba7ab012e03650ea50_6947062636712003412.png
958,木盾丘丘人,"['摩拉', '破损的面具', '污秽的面具', '不祥的面具']",暂无,物理,使用火元素攻击烧掉木盾。运用冰和水反应进而直接攻击本体。,提瓦特荒野中游荡的原始住民。拥有木盾的丘丘人战士，木盾不仅是坚固的防具，也是属于部落的珍贵宝物。根据不少人的报告，丘丘人会冲向扎营烹饪的旅人，撵走他们，然后抢走他们的锅盖。遍布大陆，有这最基础文明形态的人形魔物。如今，大部分人已经放弃了与丘丘人沟通的尝试，认为他们只是纯粹的、不通言语的魔物。通过草元素构成的木盾抵挡攻击，如果能用某种方式把盾牌烧掉的话···,master,https://uploadstatic.mihoyo.com/ys-obc/2020/07/09/408757/3e8c5e4cc89b1a2cc5a64660dbb1b2fd_7567886397878535770.png
959,打手丘丘人,"['摩拉', '破损的面具', '污秽的面具', '不祥的面具']",暂无,物理,右手持一根木棍，在元素视野下为绿色的草元素创造物并可被点燃。打手丘丘人会在连续挥棍攻击前用木棍敲击地面，此时拉远距离后即可躲开攻击。使用火可以点燃其手中木棍，木棍被烧坏后会使用普通丘丘人的攻击方式,提瓦特荒野中游荡的原始住民。坏脾气的部落战士，朴实地信奉着肌肉的力量。如果肌肉够结实，力量够强，那终有一天也能举起巨大的盾牌，成为「丘丘暴徒」...?遍布大陆，有这最基础文明形态的人形魔物。如今，大部分人已经放弃了与丘丘人沟通的尝试，认为他们只是纯粹的、不通言语的魔物。,master,https://uploadstatic.mihoyo.com/ys-obc/2020/07/09/408757/3e8c5e4cc89b1a2cc5a64660dbb1b2fd_5007696297230491286.png
960,丘丘人,"['摩拉', '破损的面具', '污秽的面具', '不祥的面具']",暂无,物理,弱点位于头部。无属性，旅行者可使用任何属性搭配攻略。所有丘丘人均可使用兔兔伯爵进行嘲讽。,提瓦特荒野中游荡的原始住民。与人类轮廓相似，却失去了智能与灵性。据记载，在大地上出没超过千年，却没有历史与文明。自五百年前漆黑的灾祸以来，便广袤地分布在大地各处。虽然力量弱小，缺乏组织，但有时也能给人们带来不小的麻烦。丘丘部族中最底层的丘丘人，没有特长，平常的工作就是放哨，喜欢在树荫和能吹到山风的崖边睡觉，发现敌人后会唤起周围的丘丘人，用拳头跑上前来攻击旅行者，愤怒时会捡起地上的石块扔向敌人。,master,https://uploadstatic.mihoyo.com/ys-obc/2020/07/09/408757/3e8c5e4cc89b1a2cc5a64660dbb1b2fd_1461729241040537986.png
967,射手丘丘人,"['摩拉', '牢固的箭簇', '锐利的箭簇', '历战的箭簇', '破损的面具', '污秽的面具', '不祥的面具']",暂无,物理,射手类丘丘人的头部是弱点部位，击中头部后可将敌人击倒。合理运用创造物效果可有效克制。,提瓦特荒野中游荡的原始住民。手持简陋弩机的丘丘人射手。丘丘人实际上并不具备制造弩的工艺水平。因此，一般认为，在丘丘人背后，存在着操控丘丘人，并为它们提供设备物资的组织。而与丘丘人走得很近的深渊法师尤为可疑。操作弩进行远程攻击的丘丘人。丘丘人的智能水平连学会弩机的操控方式都有困难，遑论生产这种需要精密加工的设备了。由此，或许可以认为，看似漫无目的地散布在大陆各处的丘丘人背后，或许有着为它们提供装备与训练的组织......,master,https://uploadstatic.mihoyo.com/ys-obc/2020/07/09/408757/3e8c5e4cc89b1a2cc5a64660dbb1b2fd_5380458093789112725.png
975,盗宝团·粉碎者,"['摩拉', '寻宝鸦印', '藏银鸦印', '攫金鸦印']",挥锤，双连重锤，双连锤击，四连锤击，蓄力连锤,物理,蓄力锤击伤害非常高！,足迹遍布大陆各处，甚至深入未知秘境的松散盗贼组织中的一员。原本是在矿下工作的人。层岩巨渊封锁后尽管领取着津贴，还是出于各种缘由加入了盗宝团。,master,https://uploadstatic.mihoyo.com/ys-obc/2020/07/14/408757/85173653005259837741674b54684f5d_4300536338356311555.png
976,盗宝团·斥候,"['摩拉', '寻宝鸦印', '藏银鸦印', '攫金鸦印']",暂无,物理,戴着面罩的盗宝团成员，会用远程攻击手段袭击旅行者。,足迹遍布大陆各处，甚至深入未知秘境的松散盗贼组织中的一员。在团队协作中，职责通常是踩点与盯梢。落草为寇通常因为贫困与缺乏教育，但从他们的装备来看，即使选择了盗贼之路，也没有因此变得富裕...,master,https://uploadstatic.mihoyo.com/ys-obc/2020/07/14/408757/6c426766c7c1e3eb1fb254c2ea78f6e1_2320063110210605274.png
977,盗宝团·掘墓者,"['摩拉', '寻宝鸦印', '藏银鸦印', '攫金鸦印']",暂无,物理,被铲土攻击后会短暂致盲！,足迹遍布大陆各处，甚至深入未知秘境的松散盗贼组织中的一员。「站在巨人的肩膀上，意思就是把前人积累的财富挖出来，拿走，好让我们...让它们回归经济循环！这是多么高尚的事情！——某名盗宝团的「掘墓者」在挖掘遗迹中的财宝时说的话,master,https://uploadstatic.mihoyo.com/ys-obc/2020/07/14/408757/2c704f84dde10e25c194c36784c480f4_6892845803022934760.png
978,盗宝团·神射手,"['摩拉', '寻宝鸦印', '藏银鸦印', '攫金鸦印']",暂无,物理,使用弩箭攻击的盗宝团成员，威胁程度约等于射手丘丘人···,足迹遍布大陆各处，甚至深入未知秘境的松散盗贼组织中的一员。虽然被称作「神射手」，但其实那是带有讥笑性质的译名。毕竟他们使用的是弩，而不是弓这样需要长期训练的武器。要知道就连丘丘人也会用弩。只要把比较宽的那头对准敌人，然后扣下扳机就行了。,master,https://uploadstatic.mihoyo.com/ys-obc/2020/07/14/408757/f803042653005c6dff251ea63922df96_4458578535437044163.png
979,盗宝团·杂工,"['摩拉', '寻宝鸦印', '藏银鸦印', '攫金鸦印']",暂无,物理,当心杂工的飞踢！,足迹遍布大陆各处，甚至深入未知秘境的松散盗贼组织中的一员。在盗宝团当中从事着体力工作，地位比较低下的成员，因为自己的身材还经常被同伙取笑。但在团队遇袭时，会展现出人意料的身手与力量！,master,https://uploadstatic.mihoyo.com/ys-obc/2020/07/14/408757/a5bf5145516ce192ab7e5864cf402b13_7970328052767079740.png
980,盗宝团·拳术家,"['摩拉', '寻宝鸦印', '藏银鸦印', '攫金鸦印']",暂无,物理,靠近后进行剧烈攻击，团队作战时尤其注意此人攻击,足迹遍布大陆各处，甚至深入未知秘境的松散盗贼组织中的一员。热衷于肌肉和战斗的人。对食物很挑剔，并且总是像周围的人宣扬肌肉的好处，所以其他盗宝团成员通常对这种人多有微辞。,master,https://uploadstatic.mihoyo.com/ys-obc/2020/07/14/408757/b5a9a534d6474c0060d344e4419419e8_7436730611734660751.png
981,盗宝团·海上男儿,"['摩拉', '寻宝鸦印', '藏银鸦印', '攫金鸦印']",挥桨，连续挥桨,物理,连续挥桨后进入短暂的停歇，趁这时击败他！,足迹遍布大陆各处，甚至深入未知秘境的松散盗贼组织中的一员。「我们的活动怎么能叫偷？怎么能叫盗？那叫重新发现，让宝藏回到赏识宝藏的鉴赏家怀抱中！大家都开心，多好的事儿！」——某名盗宝团的「海上男儿」对怀有疑问的新人说的话足迹遍布大陆各处，甚至深入未知秘境的松散盗贼组织。,master,https://uploadstatic.mihoyo.com/ys-obc/2020/07/14/408757/85b18e50be4233cc7c3a86d8225c82cc_1792094578156830008.png
1097,幼岩龙蜥,"['摩拉', '脆弱的骨片', '结实的骨片', '石化的骨片', '战狂', '教官', '流放者', '游医']",死亡翻滚，旋转石尾，跃击，爪击,物理,暂无,体格不大，行动非常灵活的龙蜥幼兽。攻击中的某一式命中受到护盾庇护的角色时，好像会因为反作用力而暂时陷入瘫痪...,master,https://uploadstatic.mihoyo.com/ys-obc/2021/02/09/4521515/6e5660ee0fc48ef63faa922ecdfc3200_801071510981434165.png
1237,奇怪的丘丘人,"['冒险阅历', '摩拉', '卷心菜']",暂无,物理,悄悄的靠近，拿剑的不要。从后面偷袭一个穿越到原神按时刷新的大伟丘。获得爱♡酱一卷。,奇怪的丘丘人人称大伟穿越到原神世界变成丘丘人随即挨打。俗称“大伟丘”「Homu，Ｈomu，mimi domu！」,master,https://uploadstatic.mihoyo.com/ys-obc/2021/02/06/4521515/11d08752a651d9e6ae57c4178f961de9_1793507608731586753.png
1364,遗迹重机,"['摩拉', '混沌装置', '混沌回路', '混沌炉心', '战狂', '教官', '流放者', '游医']",暂无,物理,进行某些攻击时，遗迹重机头部与双脚的核心会裸露出来。如果能抓住这个机会，攻击核心的话，或许能比较轻松地战胜它。,古老的人形战斗机械。形态与遗迹守卫相似，但形态更为扭曲、力量更为强大。似乎是为了驱动过于沉重的躯体，在双脚上还额外装配了能量核心。古老的人形战斗机械。传说是已经覆灭的国度留下的战争机械，但也有人认为，这款机器开发的目的不是为了战斗，而是为了守护过去留下的遗迹。虽然这无法解释，为何它们会在理应守护的遗迹中，使用爆炸性的火力攻击就是了···,master,https://uploadstatic.mihoyo.com/ys-obc/2021/02/09/4521515/350a8ecdb26ec7f00789f9a158762503_4505034638410002612.png
2166,魔偶剑鬼,"['冒险阅历', '摩拉', '好感经验', '角色经验', '魔偶机心', '自在松石碎屑', '自在松石断片', '自在松石块', '自在松石', '哀叙冰玉碎屑', '哀叙冰玉断片', '哀叙冰玉块', '哀叙冰玉', '战狂', '教官', '幸运儿', '角斗士的终幕礼', '流浪大地的乐团']",武士斩、刀刃三连击、剑刃横扫、鬼面冲击、挑衅、鬼面螺旋阵、鬼面格挡、幻影突袭、风刃双重斩、影分身横扫、剑魂爆裂、风·影分身连环斩、冰·影分身连环斩、影分身剑气斩,物理、风、冰,远程攻击会概率触发格挡，推荐旅行者使用近战攻击攻略。不要贪刀，看到BOSS释放分身，请及时注意闪避。带上你万能的护盾，莽就对了。如果读者有更好的攻击命名方案，或对武士刀招式名称有研究的大佬，可以联系词条作者。,金苹果群岛：不知经历过如何的风浪，最终辗转到达金苹果群岛的模造机关剑客。即使如今已经破损，仍然拥有相当强大的战斗力。稻妻：自律的人形机关剑士。似乎没有说话的能力与意愿，只愿意用剑沟通。据说在试作时，集成了某个剑道流派初代宗主的记忆，却又因为不明的原因而失控，最终被废弃了。根据歌人的描述，剑鬼会徘徊在因缘断绝的地方，而守护它的凶恶之面似乎取自那个时代有名的鬼人。稻妻：（2.8版本后）自律的人形机关剑士。 据说在试作时，集成了某个以秘剑「天狗抄」闻名的剑道流派初代宗主的记忆，却又因为不明的原因而失控，最终被废弃了。 根据歌人的描述，剑鬼会徘徊在因缘断绝的地方。,master,https://uploadstatic.mihoyo.com/ys-obc/2021/06/14/8797197/6b02a3b60d8eafd913767f526d3c8eff_572505175798763976.png
2413,遗迹歼击者,"['摩拉', '混沌机关', '混沌枢纽', '混沌真眼', '战狂', '教官', '流放者', '游医']",连环飞弹，强烈震荡，剧烈磁场，爆裂横扫,物理,震荡区域伤害较高，在此怪物释放该技能的时候，建议角色远离震荡区域。,为了适应特殊的目标，有着定制化外形与机能的异形机械。传说是已经覆灭的国度留下的战争机械。相比更为广泛存在的「遗迹守卫」，在设计上有着更强的仿生学意义。由若干部件构成的巨大花冠像是某种可怕的植物，不知道经历过什么才能设计出这种可怕的机械。,master,https://uploadstatic.mihoyo.com/ys-obc/2021/07/22/4521515/55f7ca5114d901db9e6d0d3b14b4efdc_1648421313865689082.png
2414,遗迹巡弋者,"['摩拉', '混沌机关', '混沌枢纽', '混沌真眼', '战狂', '教官', '流放者', '游医']",镭射激光，螺旋飞弹，混乱弹雨，喷球后闪,物理,弹雨持续伤害较高，注意不要处于该怪物的弹雨范围内。开炮时会露出最中间的核心，攻击核心一次会打断其动作，两次能使得它瘫痪。,为了适应特殊的目标，有着定制化外形与机能的异形机械。传说是已经覆灭的国度留下的战争机械。相比更为广泛存在的「遗迹守卫」，在形态上有着更强的仿生学意义。分散化的设计和战斗模式似乎模仿了蜂群，能够变换成各种形态从不同方向发起攻击。,master,https://uploadstatic.mihoyo.com/ys-obc/2021/07/22/4521515/f31295722fa28b54fa43c9885a74a425_5503404925075345007.png
2449,恒常机关阵列,"['冒险阅历', '摩拉', '好感经验', '角色经验', '恒常机关之心', '哀叙冰玉碎屑', '哀叙冰玉断片', '哀叙冰玉块', '哀叙冰玉', '坚牢黄玉碎屑', '坚牢黄玉断片', '坚牢黄玉块', '坚牢黄玉', '战狂', '流放者', '幸运儿', '祭冰之人', '角斗士的终幕礼', '流浪大地的乐团']",阿姆斯特朗炮，制导激光，跟踪激光，碾压，砍刀与火炮，石头剪刀布，分身,物理,释放跟踪激光时绕到光束后面可以快速停止激光。释放碾压时直接冲向敌人闪避最后一段蓄力即可。释放分身时击败某个被强化的遗迹机兵即可攻击本体。,诡谲的异形机械。传说是已经覆灭的国度留下的战争机械。由若干部件构成，能够适应战斗的环境，施展各种攻击手段。由立方体构成的形态在某个层面而言，与所谓的「无相元素」有着相似点。能够变换组合成不同形态的谜样遗迹机关。在战斗中，恒常机关阵列会进入绝对防御状态，分裂并召唤数个形态各异的遗迹机兵。击败其中获得了强化的遗迹机兵后，它的绝对防御状态将解除，并进入虚弱状态。,master,https://uploadstatic.mihoyo.com/ys-obc/2021/07/27/8797197/26fd0933f14a4a18c4e47a0c25359630_2796256597227403345.png
2471,遗迹防卫者,"['摩拉', '混沌机关', '混沌枢纽', '混沌真眼', '战狂', '教官', '流放者', '游医']",护盾防卫，夹盾射击，利盾直击，镭射激光炮,物理,展开盾牌时可绕至背面进行攻击,为了适应特殊的目标，有着定制化外形与机能的异形机械。传说是已经覆灭的国度留下的战争机械。相比更为广泛存在的「遗迹守卫」，在设计上有着更强的仿生学意义。模仿昆虫的肢体相较于拟人机器更加方便移动，各部件结成的护盾能够抵御任何来自正面的攻击。,master,https://uploadstatic.mihoyo.com/ys-obc/2021/08/01/4521515/0a24daa2964b3b43cbf7dcd4be784bf3_6297168285521076127.png
2472,遗迹侦察者,"['摩拉', '混沌机关', '混沌枢纽', '混沌真眼', '战狂', '教官', '流放者', '游医']",下蛋  连线  冲撞  爆裂,物理,请注意角色要避开两球之间的连线。此怪物攻击距离较近，拉开距离攻击即可。,为了适应特殊的目标，有着定制化外形与机能的异形机械。传说是已经覆灭的国度留下的战争机械。相比更为广泛存在的「遗迹守卫」，在设计上有着更强的仿生学意义。不知道根据什么原理在形态和行动模式上都模仿了某种深海中的生物，总之无论如何也不想被它缠上。,master,https://uploadstatic.mihoyo.com/ys-obc/2021/08/01/4521515/61c59e798f729f39c5f9bdd2a14ccf58_939092437746728659.png
2548,野伏·阵刀番,"['摩拉', '破旧的刀镡', '影打刀镡', '名刀镡']",斩击，拔刀斩,物理,霸体的打手丘丘人...,落草为寇的流浪武人，虽然常被称为「野伏」，但并不隶属于某个统一的团体。作为常年行走在武道上的人，有着精湛的剑术，如今却不将其用于正道。为了生计与财富，有时候甚至会与盗宝团、愚人众抗瀣一气。虽然常被称为「野伏众」，但这些贼匪并没有统一的团体。有时也会根据犯行的性质与其人的气质，被称为「无宿」、「浮浪」、「海乱鬼」、「无赖汉」、「一揆众」，或者更加直截了当的「流寇」。他们通常是落草为寇的武人、逐电的士兵之流，其中有的人为了生计与财富，甚至会与盗宝团、愚人众沆瀣一气。,master,https://uploadstatic.mihoyo.com/ys-obc/2021/08/06/8797197/ce0901598319403031dceab7917643f1_8606652975249585239.png
2549,野伏·机巧番,"['摩拉', '破旧的刀镡', '影打刀镡', '名刀镡']",斩击，拔刀斩，三连射击,物理,霸体的打手丘丘人...,落草为寇的流浪武人，虽然常被称为「野伏」，但并不隶属于某个统一的团体。除了作为武者必修的剑术之外，还会熟练的使用手弩偷袭对手，只要能够取胜便会不择手段。抛弃了武家之名的人，也常常会抛弃武家的自矜。为了生计与财富，有时候甚至会与盗宝团、愚人众沆瀣一气虽然常被称为「野伏众」，但这些贼匪并没有统一的团体。有时也会根据犯行的性质与其人的气质，被称为「无宿」、「浮浪」、「海乱鬼」、「无赖汉」、「一揆众」，或者更加直截了当的「流寇」。他们通常是落草为寇的武人、逐电的士兵之流，其中有的人为了生计与财富，甚至会与盗宝团、愚人众沆瀣一气。,master,https://uploadstatic.mihoyo.com/ys-obc/2021/08/06/8797197/92a4326004fb3148e3f7407636ae3cb8_1715131957968759614.png
2550,野伏·火付番,"['摩拉', '破旧的刀镡', '影打刀镡', '名刀镡']",斩击，拔刀斩，焰硝药粉,物理,霸体的打手丘丘人...,落草为寇的流浪武人，虽然常被称为「野伏」，但并不隶属于某个统一的团体。不仅掌握着精湛的剑术，还会使用具有元素的焰硝药粉攻击。从客观来说，或许这是背离武之道，转而寻求胜之途的体现吧。为了生计与财富，有时候甚至会与盗宝团、愚人众沆瀣一气。虽然常被称为「野伏众」，但这些贼匪并没有统一的团体。有时也会根据犯行的性质与其人的气质，被称为「无宿」、「浮浪」、「海乱鬼」、「无赖汉」、「一揆众」，或者更加直截了当的「流寇」。他们通常是落草为寇的武人、逐电的士兵之流，其中有的人为了生计与财富，甚至会与盗宝团、愚人众沆瀣一气。,master,https://uploadstatic.mihoyo.com/ys-obc/2021/08/06/8797197/14614b15fe8d5270416cfe66d8b5c886_6251307615792113828.png
2624,「女士」,"['角色经验', '冒险阅历', '摩拉', '好感经验', '北陆单手剑原胚', '北陆弓原胚', '北陆双手剑原胚', '北陆法器原胚', '北陆长柄武器原胚', '异梦溶媒', '熔毁之刻', '狱火之蝶', '灰烬之心', '燃愿玛瑙碎屑', '燃愿玛瑙断片', '燃愿玛瑙块', '燃愿玛瑙', '哀叙冰玉碎屑', '哀叙冰玉断片', '哀叙冰玉块', '哀叙冰玉', '教官', '战狂', '流放者', '角斗士的终幕礼', '流浪大地的乐团']",爆裂冰锥，冰刺五连击，寒冰利刃，寒冷冰雨尖锐冰枪，冰枪爆裂，闪烁，冰之蛹冰刺连环击，冰幕摇篮曲，邪眼形态暗影行走，烈焰魔鞭，魔鞭横扫，双重血鞭爆裂魔鞭，火鸟展翅，灵魂风暴，追踪火鸟烈焰龙卷风，焚天陨火,冰、火,暂无,值得铭记的强敌「女士」愚人众执行官第八席的「女士」。与行使邪眼之权能的其他愚人众不同，邪眼是抑制啃噬一切的烈火的器物。比起厮杀用的兵器，说是刑拘道具才更为贴切。而这就是漫长的岁月中积郁的余烬，冲破邪眼霜封后为她涂抹的扭曲妆容。瞳仁中倒映着破晓的赤红，她最后展开烈焰之翼向黎明飞去。「但那并不是曙光，亲爱的罗莎琳。那是焚尽一切的火海。」在光芒中，一个声音这么对她说。但这也没什么所谓。因为她心中明白，自己早已被烈火吞没。,master,https://uploadstatic.mihoyo.com/ys-obc/2021/08/31/4521515/9f515d21faf7d16b453da4590d8f6ef2_3271273324217501877.png
3399,深海龙蜥之群,"['角色经验', '冒险阅历', '摩拉', '好感经验', '龙嗣伪鳍', '最胜紫晶碎屑', '最胜紫晶断片', '最胜紫晶块', '最胜紫晶', '哀叙冰玉碎屑', '哀叙冰玉断片', '哀叙冰玉块', '哀叙冰玉', '教官', '流放者', '游医', '角斗士的终幕礼', '流浪大地的乐团']",吐息，连环射击，爬墙吐息，突进，冰刺领域，雷刺领域，三重爪击，三重雷电，甩尾攻击，巡航冰弹，巡航雷弹，环形吐息场,冰、雷,建议旅行者时刻注意角色的当前能量，在角色能量充足时，龙蜥的技能攻击伤害并不高；但吐息攻击会降低角色的能量，在低能量或空能量状态下，龙蜥的攻击伤害将会变得非常可观。,强大的深海龙蜥之群。它们的强大源自渊下宫之民的培育和筛选。自然，必定不会有龙蜥会认为这是恩情。这一支族群里最强大者会操持着不同的元素，向着来者宣泄它们的愤怒。,master,https://uploadstatic.mihoyo.com/ys-obc/2022/01/04/4521515/037a771687292ac1091cbc6a92001c18_2266081466554525817.png
3573,祸津御建鸣神命,"['角色经验', '冒险阅历', '摩拉', '好感经验', '北陆单手剑原胚', '北陆弓原胚', '北陆双手剑原胚', '北陆法器原胚', '北陆长柄武器原胚', '异梦溶媒', '万劫之真意', '祸神之禊泪', '凶将之手眼', '最胜紫晶碎屑', '最胜紫晶断片', '最胜紫晶块', '最胜紫晶', '战狂', '教官', '流放者', '角斗士的终幕礼', '流浪大地的乐团']",太刀：拔刀斩，不许偷看，六式，轮回斩，速击，弹反，盾反，影分身，无想结界武器切换-御刀，武器切换-御剑薙刀：突进，落雷，刀光，四连击，五连刀光，五连落雷，六式，弹反，盾反，不许偷看，祸津之雷眼，三重祸津之雷眼恶曜影向天魔：拔刀斩，三连，蓄意斩，贯天刀光，不许偷看，烦恼扑灭，跟踪拍地，三钴，无量刀光，终归·万劫,物理,会在战斗中持续汲取「恶缘」，并在攻击命中角色时获得额外的恶缘。在恶缘充满时，将进入「恶曜影向天魔」状态。这种状态下，场上的角色会周期性流失元素能量。祸津御建鸣神命将拥有强大的伤害抵抗能力，并能进行更加致命的攻击。利用合适的元素攻击，可以更快地破除这种状态，并在破除的过程中获得元素能量。,代行雷电将军权能的人偶，在对抗威胁「永恒」之敌时展现出的形态。作为雷电影践行「永恒」的协助者，她从未质疑，亦无畏惧，一直以来全力以赴，心无杂念。她曾听闻在真与影的时代，影承担着与她类似的责任，经历了诸多惨痛失去。当两个影子交叠为一时，她却只能看见在「她」本应永恒的意志上留下的无数细密的凿痕吧。既然命运注定是一场轮回，就如约定那样，向其宣战吧。「此身，象征无上威严，被授予统领一国之权，凝聚了『雷电将军』的一切。「自然也继承了影前行时不断失去的痛苦，以及，想要抵达永恒的决心。「决心、勇气、爱慕、仇恨...都会在时间长河中变质扭曲。「唯有『法则』永恒不变。」,master,https://uploadstatic.mihoyo.com/ys-obc/2022/02/14/8797197/e0fd38861a313d0160045648a82dbac8_9005559508175226449.png
3872,遗迹巨蛇,"['角色经验', '冒险阅历', '摩拉', '好感经验', '符纹之齿', '坚牢黄玉碎屑', '坚牢黄玉断片', '坚牢黄玉块', '坚牢黄玉', '教官', '流放者', '游医', '角斗士的终幕礼', '流浪大地的乐团']",挖掘，打滚，冲撞钉击，流沙漩涡，邪能光球，邪能炸弹,物理,暂无,巨蛇岩洞异形的遗迹机械。在战斗中会创造「淤泥涌口」，并在一些状态下试图从中汲取能量，以进行破坏力强大的攻击。利用「流明石触媒」的纯光绽放，破坏向遗迹巨蛇输送能量的淤泥涌口，可以打断这种状态，并使它分布在身躯上的能量核心失能。当4个能量核心均失能后，遗迹巨蛇会进入虚弱状态。古老的异形自律机关。传说是已经覆灭的国度留下的工程重机，「头部」的齿盘结构能够轻松挖开坚硬的岩盘。果真如此的话，借由这种能力，应该能开凿出足以让大军通行大陆各地的黯道吧。,master,https://uploadstatic.mihoyo.com/ys-obc/2022/03/10/8797197/2a02dee78adeeac29ef954740f11b565_5657874860712069612.png
4392,镀金旅团·破阵者,"['摩拉', '褪色红绸', '镶边红绸', '织金红绸']",猛击，连续挥砍，闪电旋风劈,物理,暂无,来自黄金一般的沙漠，是松散佣兵团体中的一员。为了报酬，愿意为任何人效力。装备了独特拳刃的武道家，为了寻找更多更强的对手而加入了镀金旅团。战斗与其说是为了报酬，不如说是为了追求更高的武技。来自黄金一般的沙漠的松散佣兵团体。为了报酬，愿意为任何人效力。「镀金旅团」是沙之民以外的人对他们的统称，其中有着诸如「法罗赫之子」这样的佣兵团体，也有「塔尼特」这样的部族。作为没有神的民族，多数的「镀金旅团」成员只会为了生计与雇主施展沙漠遗民的武艺。,master,https://uploadstatic.mihoyo.com/ys-obc/2022/08/22/8797197/64d7a1dfe6c888a0bd1095221a73931d_5255431089093707215.png
4393,镀金旅团·刀舞者,"['摩拉', '褪色红绸', '镶边红绸', '织金红绸']",挥砍，刀舞,物理,暂无,来自黄金一般的沙漠，是松散佣兵团体中的一员。为了报酬愿意为任何人效力。擅长使用大弯刀的沙漠武士。其所掌握的传承自失落文明的刀法不仅是一种战技，由其发展而来的刀舞更成为了在各国都广受欢迎的杂技表演。这种大弯刀据说在古时是用于骑乘战斗的。来自黄金一般的沙漠的松散佣兵团体。为了报酬，愿意为任何人效力。「镀金旅团」是沙之民以外的人对他们的统称，其中有着诸如「法罗赫之子」这样的佣兵团体，也有「塔尼特」这样的部族。作为没有神的民族，多数的「镀金旅团」成员只会为了生计与雇主施展沙漠遗民的武艺。,master,https://uploadstatic.mihoyo.com/ys-obc/2022/08/21/8797197/124b122af18dd9e737c7eeaec7990fb7_5182931911580923600.png
4394,镀金旅团·阵前斧手,"['摩拉', '褪色红绸', '镶边红绸', '织金红绸']",挥砍，连续挥砍，扬沙, 物理,暂无,来自黄金一般的沙漠，是松散佣兵团体中的一员。为了报酬，愿意为任何人效力。使用手斧的女战士在厮杀时往往一往无前以此打乱敌人的阵脚，为战友创造机会。在沙漠的故乡里，她们有时会坐在篝火边弹起那些失落在沙海中的悠远歌谣。来自黄金一般的沙漠的松散佣兵团体。为了报酬，愿意为任何人效力。「镀金旅团」是沙之民以外的人对他们的统称，其中有着诸如「法罗赫之子」这样的佣兵团体，也有「塔尼特」这样的部族。作为没有神的民族，多数的「镀金旅团」成员只会为了生计与雇主施展沙漠遗民的武艺。,master,https://uploadstatic.mihoyo.com/ys-obc/2022/08/22/8797197/9bd7d5755d728da1394fdd7207c6ad31_2886139519027107807.png
4395,镀金旅团·机弩兵,"['摩拉', '褪色红绸', '镶边红绸', '织金红绸']",射击，致命六连射，空投毒素,物理,暂无,来自黄金一般的沙漠，是松散佣兵团体中的一员。为了报酬，愿意为任何人效力。传统上，镀金旅团其实更习惯使用弓箭对付敌人。不过自从教令院允许他们在巴扎采购机弩之后，就只有最骄傲的射手才会在使用弓箭这种需要常年训练的武器了。来自黄金一般的沙漠的松散佣兵团体。为了报酬，愿意为任何人效力。「镀金旅团」是沙之民以外的人对他们的统称，其中有着诸如「法罗赫之子」这样的佣兵团体，也有「塔尼特」这样的部族。作为没有神的民族，多数的「镀金旅团」成员只会为了生计与雇主施展沙漠遗民的武艺。,master,https://uploadstatic.mihoyo.com/ys-obc/2022/08/21/8797197/590785e18f21d5c5d1d4624fad60a523_2392174348034346991.png
4407,遗迹龙兽·地巡,"['摩拉', '混沌容器', '混沌模块', '混沌锚栓', '战狂', '教官', '流放者', '游医']",暂无,物理,在遗迹龙兽·地巡蓄力咏唱阶段攻击其头部核心，即可使其进入瘫痪状态并解除元素抗性的提升。,扫尾、猪突猛进、龙星群令人望而生畏的龙形战斗机械。传说是已经覆灭国度留下的战争机械。形态上模仿了「龙蜥」这一物种，但为了性能进行了结构的优化。较之真正的龙蜥，具又更强的「吸收」，抑或是「反制」元素的能力。从这种能力来看，创造出这样可怕兵器的文明曾经有过相当宏大的野心吧......,master,https://uploadstatic.mihoyo.com/ys-obc/2022/08/15/195563531/0f53bf2a4ea92a914100e473728a10c4_5595151837584757850.png
4408,遗迹龙兽·空巡,"['摩拉', '混沌容器', '混沌模块', '混沌锚栓', '战狂', '教官', '流放者', '游医']",机枪扫射，能量洪流，追踪飞弹,物理,暂无,暂无,master,https://uploadstatic.mihoyo.com/ys-obc/2022/08/15/195563531/901ef3479b9a41395a6064f69d5ec931_1122527474416048332.png
4797,半永恒统辖矩阵,"['角色经验', '冒险阅历', '摩拉', '好感经验', '导光四面体', '自在松石碎屑', '自在松石断片', '自在松石块', '自在松石', '燃愿玛瑙碎屑', '燃愿玛瑙断片', '燃愿玛瑙块', '燃愿玛瑙', '战狂', '教官', '幸运儿', '角斗士的终幕礼', '流浪大地的乐团']",暂无,物理,暂无,混乱光线、爆发、镜面激光矩阵突刺、激光射线、力场电击力场降落、螺旋攻击、力场推进、特殊态或许是因为梦中的友人曾经的教诲，又或是因为觊觎着天上诸圣的权能，王创造出了本应不属于地上的神秘机关，并以此构建砂原上的国都。在千柱之城的废墟之上，古老的晶石中仍折射着黄金乐园的美景，即便王的梦想早已无人铭记。,master,https://uploadstatic.mihoyo.com/ys-obc/2022/09/24/4521515/a5de8abbca36a7bcce52e548bc1b6661_782833660814982986.jpg
4799,兆载永劫龙兽,"['角色经验', '冒险阅历', '摩拉', '好感经验', '永续机芯', '涤净青金碎屑', '涤净青金断片', '涤净青金块', '涤净青金', '哀叙冰玉碎屑', '哀叙冰玉断片', '哀叙冰玉块', '哀叙冰玉', '战狂', '教官', '幸运儿', '角斗士的终幕礼', '流浪大地的乐团']",物理及各转化属性,物理,暂无,地行·龙兽摆尾、地行·冲撞摆尾、地行·助推冲撞、地行·铁翼砸击空行·机枪扫射、空行·天龙散花能量洪流、元素吸收、元素洪流同时，该敌人相较于“遗迹龙兽·地巡”与“遗迹龙兽·空巡”，瘫痪时间较短，需要合理分配输出时间。不过鉴于其会提升抗性，不建议放弃瘫痪。传说已经覆灭的国度曾渴求着禁忌的技术，试图拟造出可以匹敌，乃至超越亘古生命的永续机关。这架不知疲倦的神秘机巨兽似乎证明，他们确已触及了抵达的领域。,master,https://uploadstatic.mihoyo.com/ys-obc/2022/09/24/4521515/885eeea40ee135ba2e3ecd273900392d_6955852172817451210.jpg
4803,元能构装体·勘探机,"['摩拉', '破缺棱晶', '混浊棱晶', '辉光棱晶']",交叉光线，隐身召唤，子体射线,物理,暂无,如今「乐园」早已湮灭，只有蚀刻在这些机械上的咒文还记录着那些已被世人忘却的梦想与承诺。,master,https://uploadstatic.mihoyo.com/ys-obc/2022/09/24/4521515/5f9aff8939cf71500a2db5d93659c65b_7557071743830439220.jpg
4804,元能构装体·力场发生器,"['摩拉', '破缺棱晶', '混浊棱晶', '辉光棱晶']",力场推进，隐身召唤，旋转攻击,物理,暂无,如今「乐园」早已湮灭，只有蚀刻在这些机械上的咒文还记录着那些已被世人忘却的梦想与承诺。,master,https://uploadstatic.mihoyo.com/ys-obc/2022/09/24/4521515/5f9aff8939cf71500a2db5d93659c65b_686257424924277203.jpg
4805,元能构装体·重塑仪,"['摩拉', '破缺棱晶', '混浊棱晶', '辉光棱晶']",塑体召唤，塑体爆裂，隐身召唤，连体电击,物理,暂无,如今「乐园」早已湮灭，只有蚀刻在这些机械上的咒文还记录着那些已被世人忘却的梦想与承诺。,master,https://uploadstatic.mihoyo.com/ys-obc/2022/09/24/4521515/5f9aff8939cf71500a2db5d93659c65b_8067808682553174403.jpg
1223,「公子」,"['冒险阅历', '摩拉', '好感经验', '角色经验', '北陆单手剑原胚', '北陆弓原胚', '北陆双手剑原胚', '北陆法器原胚', '北陆长柄武器原胚', '异梦溶媒', '吞天之鲸·只角', '魔王之刃·残片', '武炼之魂·孤影', '涤净青金碎屑', '涤净青金断片', '涤净青金块', '涤净青金', '最胜紫晶碎屑', '最胜紫晶断片', '最胜紫晶块', '最胜紫晶', '哀叙冰玉碎屑', '哀叙冰玉断片', '哀叙冰玉块', '哀叙冰玉', '战狂', '教官', '流放者', '角斗士的终幕礼', '流浪大地的乐团']",通过消耗场上角色身上的元素、标记技触发或场上角色死亡清除标记，该标记只会标记场上角色不影响后台角色。在触发标记时造成额外元素伤害，不附带其他正负BUFF收益。,水、雷,暂无,玩具推销员公子养成计划愚人众执行官第十一席，「公子」达达利亚。自不祥的「邪眼」之中汲取力量，以至暗之地习得的武艺战斗。拥有无穷争斗欲望的纯粹战士。每次浴血的纷争，每场生死攸关的挑战。于他而言皆是快意试炼。人皆言年轻的「公子」战绩远远闻名。但他本人却对这种大话不以为然。毕竟......「你的命运将成为纷争的风暴之眼，「铁剑交错的声响是常伴你的奏乐，「踏入至暗之处的漆黑记忆，「终将成为你颠覆世界的力量吧。」,master,https://uploadstatic.mihoyo.com/ys-obc/2021/05/12/4521515/10625db39a2891e60f0594285229ee80_18941331759725837.png
153,水深渊法师,"['摩拉', '地脉的旧枝', '地脉的枯叶', '地脉的新芽', '战狂', '教官', '流放者', '游医']",水球喷射，泡泡攻击，水泡领域，护盾恢复,水,暂无,利用水元素战斗的深渊魔物。在冒险者当中有传说说，深渊法师作为「深渊教团」底层的执行者，活跃在世界各地、从事各种阴谋破坏。尽管他们还戏称这种水深渊法师的最大危害是会导致风湿发作，其实它们有着不容小觑的力量。一定程度上能驾驭元素进行战斗的深渊魔物。当水深渊法师发出奸笑时，会召唤出一个跟随玩家移动的泡泡，被泡泡命中会进入禁锢状态，此时较容易遭到其他魔物的攻击。破开水深渊法师的护罩后，它会进入萎靡的状态，此刻正是输出的绝好时机，但也切勿大意，少许时间后，水深渊法师会重新开始咏唱，并在周围不断生成随机位置的泡泡，此时站在水深渊法师周围的角色很容易被泡泡命中，建议此时拉开距离。咏唱结束后则会重新生成水元素护罩。操控水元素的深渊魔物，会用水流铸出护罩保护自身。破除护罩最有效的方法就是以草、冰等对应的元素进行反应，解除它的防护。,master,https://uploadstatic.mihoyo.com/ys-obc/2020/03/20/408757/797762b31744b3edc1097afd4e3d7c61_5037606109434385369.png
964,水丘丘萨满,"['摩拉', '导能绘卷', '封魔绘卷', '禁咒绘卷', '破损的面具', '污秽的面具', '不祥的面具']",挥棍，水冲，祈雨,水,暂无,嘟嘟囔囔的老年丘丘人，水元素的吟颂者。在元素掌控方面颇富天资的丘丘人，其能力往往会在年老时达到顶峰。究竟是怎样的过去，令这些愚昧的生物竟能掌握生水唤雨的秘诀?丘丘人当中的萨满祭司。能在一定程度上求得元素的帮助。「面具的造型设计有着恫吓敌人的意味，但反而让它们看起来有些亲切。」——雅各布·马斯克祈雨会导致场地内敌人回复生命并附加水元素，如果与其他附带属性攻击的射手丘丘人一同出现将会对旅行者有非常大的威胁，旅行者应首要击杀水丘丘萨满！只有在场内有友方角色时，水丘丘萨满才会祈雨，如果场内没有能够附带属性攻击的敌人，可视情况利用附加的水属性击杀剩余敌人。,master,https://uploadstatic.mihoyo.com/ys-obc/2020/07/08/408757/6554a0b728cb4f7456aebea250c245b9_5632142667825127002.png
982,盗宝团·水之药剂师,"['摩拉', '寻宝鸦印', '藏银鸦印', '攫金鸦印']",暂无,水,使用远程攻击手段袭击旅行者，威胁程度约等于水史莱姆···,足迹遍布大陆各处，甚至深入未知秘境的松散盗贼组织中的一员。据说部分盗宝团的药剂师，在加入盗宝团之前，曾经是在城镇间漫游，兜售自己调配的...「灵药」、「圣水」的江湖骗子。这些灵药、圣水显然在战斗中更能大放异彩。足迹遍布大陆各处，甚至深入未知秘境的松散盗贼组织。,master,https://uploadstatic.mihoyo.com/ys-obc/2020/07/14/408757/a0cca331eee35a391468955a26f2ec26_1889462526167508703.png
987,水史莱姆,"['摩拉', '史莱姆凝液', '史莱姆清', '史莱姆原浆']",暂无,水,水史莱姆大型水史莱姆自身元素为水，使用冰可以有效对敌人进行控制。当敌人较多时，雷元素将可以发挥巨大的作用。,逸散在自然之中的水元素沉积形成的小小魔物。传说中，有的人会将水史莱姆当作应急用水，在去往水源难寻的干旱地带、深邃的秘境之前储备好水史莱姆。但因为浓厚的水元素，直饮史莱姆其实对人体有害。逸散在自然之中的水元素沉积形成的魔物。力量更强大、体型更大的水史莱姆，可以产生水泡禁锢敌人。据说在某些力量充沛的地方，尺寸可以成长到非常夸张的程度。在奔狼领就曾有人目击过有一座小土丘那么大的水史莱姆。圆滚滚的元素生物距离较近时，会直接喷出体内的水元素进行攻击，拉开距离后会瞄准角色抛射出一团水球，水球会在地面上停留一段时间，旅行者需要注意避开。,master,https://uploadstatic.mihoyo.com/ys-obc/2020/07/14/408757/f0b292ec58d1d595380f503820de4626_5826893735080757345.png
1012,水萤,['摩拉'],水球,水,相比于雷萤的威胁更小，常在机关触发后出现。,沙滩，草地由于频繁的移动很难被攻击到，且飞行高度经常脱离近战角色的攻击范围，建议使用法器角色等自动锁定的攻击方式进行击杀，或者利用雷元素进行大范围攻击。能够稍微导引水元素的小型生物。与其他的萤族生物通称「飞萤」。飞萤对「雾虚草」这种罕见而奇妙的植物情有独钟而愚人众的术士据此开发了利用飞萤进行战斗的方法。,master,https://uploadstatic.mihoyo.com/ys-obc/2020/07/19/49984918/f540d0101abee9aadf75dd764d7072e5_3928901885541985032.png
1094,愚人众先遣队·水铳重卫士,"['摩拉', '新兵的徽记', '士官的徽记', '尉官的徽记']",暂无,水,利用喷射水元素的铁铳战斗的愚人众士兵，能进入某种元素增幅状态。这种状态最大的弱点，恐怕是某种能与水发生反应的元素之一...,愚人众战争机器中的士兵。配备着能在一定程度上制御元素的装备，可以利用铳形的武器喷射激烈的水流。「先遣队」之名意味着生死不问，深入祖国以外的土地完成前期任务，为未来的某些行动夯实基础。愚人众战争机器中的士兵。「先遣队」之名意味着生死不问，深入祖国以外的土地完成前期任务，为未来的某些行动夯实基础。不同于少数精锐的债务处理人与萤术士，先遣队的单兵实力与装备较为薄弱。为了完成任务，为了减少人员与物资的损耗，先遣队的战术更讲究团队协作。,master,https://uploadstatic.mihoyo.com/ys-obc/2020/09/20/8797197/c6b953a2c54329495c4e015a5c66ffee_3331395093659339765.png
1096,纯水精灵·洛蒂娅,"['冒险阅历', '摩拉', '好感经验', '角色经验', '涤净青金碎屑', '涤净青金断片', '涤净青金块', '涤净青金', '净水之心', '战狂', '流放者', '冒险家', '祭水之人', '角斗士的终幕礼', '流浪大地的乐团']",平台下降，青蛙跃击，青蛙扑水，团雀跃击，青蛙团雀自爆，螃蟹，松鼠尾击，松鼠跃击，鹭鸟扑水，鹭鸟后跳，鸭子水圈，鸭子扑击，野猪拱击，野猪冲刺，飞鹰滑翔攻击，水灵水圈。,水,踞身纯净水体的高贵元素生命体。战斗时，会用自己的生命力凝聚成水元素幻形生物，攻击敌人。尽管都是水元素，不同的能与水元素反应的元素对不同的幻形生物会更有效果。如果能快速消灭水之幻形，就能轻松击败纯水精灵。, 「水之国·枫丹」依托「纯水精灵」这一无孔不入的水元素生命体构筑了遍布提瓦特大陆的间谍情报网络。而「纯水精灵·洛蒂娅」是纯水精灵密探中最为有名，也是最为强大的一位。自上任「水之神」神堕之后，洛蒂娅怀揣对其的追忆及对新任水神的质疑背离了故土枫丹，并像其他许多纯水精灵一样切断了与枫丹的信息联络，独居于轻策山间求得一方静水。,master,https://uploadstatic.mihoyo.com/ys-obc/2020/09/20/8797197/53dee15515af1884d8d12a6b17c814b2_2519073974166288696.png
1770,深渊使徒·激流,"['摩拉', '晦暗刻像', '夤夜刻像', '幽邃刻像', '地脉的旧枝', '地脉的枯枝', '地脉的新芽', '战狂', '教官', '流放者', '游医']",二连击，三连击，水刀攻击，十字刃，水轮旋转，飞行移动，水盾生成，强化三连斩，三连大风车，张牙舞爪,水,该怪物生成水盾时会为自身施加潮湿状态，使用冰属性攻击该怪物会使其冻结。该怪物的水盾测定具有36点元素能量，暂无极快的破盾方法，目前采用冰属性攻击破盾稍快。该怪物攻击动作前摇较长，旅行者注意其抬手动作即可轻松闪避，注意由于本怪物攻击方式多为直线型连续攻击，因此旅行者进行闪避时应着重往侧面方向进行闪避。,这些沉默的身影是深渊的先行者，挥舞着席卷一切的浪潮之锋，斩碎一切铠甲的防御与不信的异端之心，向无虑的愚氓降下宿命的惩戒。,master,https://uploadstatic.mihoyo.com/ys-obc/2021/04/14/4521515/09c86715d9e73c015d399a2fc7618027_3718648045694561525.png
2482,愚人众·藏镜仕女,"['摩拉', '黯淡棱镜', '水晶棱镜', '偏光棱镜', '战狂', '教官', '流放者', '游医']",水光破镜·寻觅，水光破镜·预测，水光破镜·反击，水弹射击，双重水弹射击，入镜，偏光·禁锢，偏光·精准炮击，偏光·三重跟踪射击，偏光·水光结界1.被水光破镜·寻觅，水光破镜·预测，水光破镜·反击，命中时才会进入偏光状态！2.进入偏光的敌人相当于所有技能自带跟踪效果。,水,暂无,来自极冬的国土，隶属于愚人众的特殊仪仗兵士。与「仕女」之名所象征的端庄姿态相反，为了实现愚人众全体的宏大目标，无论什么事情都能做出来。操纵着水镜进行战斗，有着彷如侍奉神明般的端庄姿态的愚人众仕女。优雅自如的操控着水镜的力量，让为之所炫的人，心甘情愿的坠入她的幻境。似乎一切都逃不过她的耳朵。被蒙住的双眼，不知见识过什么景象，也不知其中会倒映出怎样的执妄...利用水之镜战斗的愚人众仕女。部分技能命中角色后，会对角色施加「水光破镜」的标记。她的身边存在处于「水光破镜」状态下的角色时，进入偏光状态，获得强化。,master,https://uploadstatic.mihoyo.com/ys-obc/2021/08/04/8797197/d08a15c648c6475e8f5369817f639335_3159855652580215422.png
2625,无相之水·希伊,"['角色经验', '冒险阅历', '摩拉', '好感经验', '排异之露', '涤净青金碎屑', '涤净青金断片', '涤净青金块', '涤净青金', '战狂', '流放者', '冒险家', '祭水之人', '角斗士的终幕礼', '流浪大地的乐团']",龙卷雨击，水灵召唤，双重召唤，史莱姆回复，水浪倾覆，水漫金山，水泡升腾，鱼跃法阵，鱼跃翻腾，锁血召唤，水灵汇聚,水,暂无,代号为「希伊」的高级水元素生命。无相元素有强大的排异本能，会无情地驱逐试探它的人。排异习性的对象似乎甚至会延展到天然的元素上。而这种行为背后的逻辑至今仍是谜团。,master,https://uploadstatic.mihoyo.com/ys-obc/2021/08/31/4521515/2231afe5f4aeff12b9f0309db5a59862_2702291784727958796.png
3410,深海龙蜥·原种,"['摩拉', '脆弱的骨片', '结实的骨片', '石化的骨片', '战狂', '教官', '流放者', '游医']",抓击，甩尾，涤魔喷吐，突进,水,暂无,蛰伏于漆黑深水中的掠食者。应对着深海中的未知力量。或许也演化出了水元素以外的变体...面对强敌时，会使出威力强大的「涤魔喷吐」。命中角色后，角色将流失一定元素能量。若角色的元素能量不足，将损失生命值。生活在海渊之下的龙蜥。它们曾经是海渊之下的支配种族——其实在更加久远的过去，龙们就是这个世界的支配者。曾经的七王被高天之力打败，相继凋零了。,master,https://uploadstatic.mihoyo.com/ys-obc/2022/01/05/8797197/86ae5d577c5ab536c2893593a595c502_7268491409381774541.png
3613,黯色空壳·破阵,"['摩拉', '晦暗刻像 ', '夤夜刻像', '幽邃刻像', '战狂', '教官', '流放者', '游医']",蓄力刺击，横扫，冲锋，治愈波纹,水,暂无,谜样的漆黑枪兵。它的攻击在命中处于护盾庇护下的角色后，会以生命值为代价，产生愈疗的波纹，为自己与身边的「黯色空壳」持续恢复生命值。该生命值恢复效果能够叠加多次。神秘的漆黑士兵。从行动来看或许不具备「人」的智性吧。但一往无前的冲锋形姿又不像是愚钝的野兽，而像是怀着某种意志的死士。,master,https://uploadstatic.mihoyo.com/ys-obc/2022/02/17/8797197/6483f1e05a5f70517c6343885f17b35c_135442014816471194.png
3876,浮游水蕈兽,"['摩拉', '蕈兽孢子', '荧光孢粉', '孢囊晶尘', '失活菌核', '休眠菌核', '茁壮菌核']",头锤锤，吐泡泡,水,无害的小可爱，打一下应该会哭很久吧～在遇到火元素或雷元素后，会转化成「枯焦」或「活化」状态，并且在这个状态下能产生特别的素材。,璃月层岩巨渊地下水泽；须弥广泛分布拥有一定智能的孢子生物。具有强大的环境适应能力。据说很难吃。但这种蕈兽因为含有丰富的水分，所以也能成为应急水源...,master,https://uploadstatic.mihoyo.com/ys-obc/2022/03/10/8797197/9fd969acb90f3f70cdb5f933d2c54512_5081651435154605128.png
4336,镀金旅团·沙中净水,"['摩拉', '褪色红绸', '镶边红绸', '织金红绸']",冲刺，连斩，魔·连砍，魔·旋转劈,水,暂无,来自沙漠的松散佣兵团体中的刀舞者。在承受一定伤害后，会解放封印在武器中的厄灵，进入魔化状态，大幅提升战斗能力。魔化状态结束后，会陷入一定时间的虚弱状态。来自黄金一般的沙漠，是松散佣兵团体中的一员。为了报酬，愿意为任何人效力。迷失在砂砾作歌的旧梦之中的少女，将厮杀的趣味视作执行委托时真正有价值的报偿。传说诞在这一族中的女子常受沙漠中的游魂青睐，因而往往早夭。或许只有血管中澎湃着战斗的旋律时，她才能摆脱魂灵的低语吧。使用的武器中封印着残破的厄灵，会在危急时苏醒。只有战败者的哀嚎才能平息其忿怒——不论败者是武器的主人，抑或是敌人。来自黄金一般的沙漠的松散佣兵团体。为了报酬，愿意为任何人效力。「镀金旅团」是沙之民以外的人对他们的统称，其中有着诸如「法罗赫之子」这样的佣兵团体，也有「塔尼特」这样的部族。作为没有神的民族，多数的「镀金旅团」成员只会为了生计与雇主施展沙漠遗民的武艺。,master,https://uploadstatic.mihoyo.com/ys-obc/2022/08/22/8797197/a17568edfb167ea360e2ee8eb1ed50f2_7077669440070607287.png
4404,陆行水本真蕈,"['摩拉', '蕈兽孢子', '荧光孢粉', '孢囊晶尘', '失活菌核', '休眠菌核', '茁壮菌核']",飞踢，吐水，连续吐水，大吐水,水,在遇到火元素或雷元素后，会转化成「枯焦」或「活化」状态，并且在这个状态下能产生特别的素材。,孢子构成的拟态生物，具有强大的环境适应能力。看上去像是鸟类，不过似乎并没有掌握飞行的能力。或许是因为水元素的影响，与同类相比其行动异常敏捷。也有研究推断这种蕈兽实际上是由无数细小的孢子集结构成的菌株，并不是纯粹单一的生命体。在蕈兽群落中占有主导地位，显示出其拥有着更高的智能。言以蔽之的话，就是过度成长、过度进化的孢子。据说蕈兽的广布来自实验事故。最初须弥的贤人骐骥将孢子一些特性运用在救死扶伤上。若果真如此，此人显然低估了孢子的环境适应力与传播能力。,master,https://uploadstatic.mihoyo.com/ys-obc/2022/08/21/8797197/cf9c1ec11622233957b237159e50d31e_7131948862695366906.png
163,愚人众·雷萤术士,"['摩拉', '雾虚花粉', '雾虚草囊', '雾虚灯芯', '新兵的徽记', '士官的徽记', '尉官的徽记', '战狂', '教官', '流放者', '游医']",暂无,雷,暂无,操控着雷萤进行战斗，由来与面具下的容貌都是谜的愚人众少女术士。会利用飞萤喜爱「雾虚草」的特性，操控它们为自己而战。正如雾虚草的气味会令雷萤迷醉，嗜虐的术士也贪恋着戏弄对手的快感。操控着雷萤进行战斗的愚人众术士。正如雾虚草的气味会令雷萤迷醉，嗜虐的术士也贪念着戏弄对手的快感。看似漫无目的地四处游荡的她们，又领受着何种不为人知的使命呢···雷萤术士召唤的雷萤具有相当高的机动，雷萤术士操控雷萤进行直线攻击造成多段伤害，旅行者可以尽量采用双手剑攻击或者法器角色进行作战，快速清理雷萤。雷萤术士释放落雷后，会在施法区域留下短暂的电场造成持续伤害。雷萤术士元素爆发时移速会大幅提升，生成雷元素护盾免疫雷元素并对附近的旅行者进行雷元素的攻击，护盾耗尽时结束爆发状态。火元素触发超载可以大幅减低护盾的储量。,master,https://uploadstatic.mihoyo.com/ys-obc/2020/10/12/8797197/9f58121e0c957b7909df186ad2e22a96_1663089554213639238.png
173,无相之雷·阿莱夫,"['冒险阅历', '摩拉', '好感经验', '角色经验', '雷光棱镜', '最胜紫晶碎屑', '最胜紫晶断片', '最胜紫晶块', '最胜紫晶', '教官', '流放者', '游医', '祭雷之人', '角斗士的终幕礼', '流浪大地的乐团']",猜拳三连击，石头，拍掌，钻头冲锋，方壳射击，激光阵，引雷阵，雷潮,雷,暂无,利用惰性的方壳保护自己，抓住元素核心暴露在外的时机，才能有效攻击。命悬一线时，会分裂出三个汲取能量的棱晶，不将其全部摧毁的话会回复一定的血量。,master,https://uploadstatic.mihoyo.com/ys-obc/2020/03/23/408757/3f08e3ecc9e0ddcc77779b96c060a906_7579349047738039919.png
961,雷箭丘丘人,"['摩拉', '牢固的箭簇', '锐利的箭簇', '历战的箭簇', '破损的面具', '污秽的面具', '不祥的面具']",暂无,雷,暂无,提瓦特荒野中游荡的原始住民。手持简陋弩机的射手，箭头以电气水晶的碎片磨削而成，以便命中时造成电击。据说射术百里挑一的丘丘人射手可以一次发射五枚箭矢，非常厉害。操作弩进行远程攻击的丘丘人。丘丘人的智能水平连学会弩机的操控方式都有困难，遑论生产这种需要精密加工的设备了。由此，或许可以认为，看似漫无目的地散布在大陆各处的丘丘人背后，或许有着为它们提供装备与训练的组织......面具上不仅绘制着雷元素的图案，还有一些金属质感，黑色的毛发和手脚处露出的深紫色皮肤为雷箭丘丘人增添了一丝神秘感。攻击方式与其他射手类丘丘人一致，与水丘丘萨满配合会给旅行者造成感电效果，也是战斗打响前优先解决的目标。,master,https://uploadstatic.mihoyo.com/ys-obc/2020/07/09/408757/0ef6f69f88ef397f63bc1433f3f77402_3108986352854498670.png
983,盗宝团·雷之药剂师,"['摩拉', '寻宝鸦印', '藏银鸦印', '攫金鸦印']",暂无,雷,使用远程攻击手段袭击旅行者，威胁程度约等于雷史莱姆···,足迹遍布大陆各处，甚至深入未知秘境的松散盗贼组织中的一员。「药剂师」是盗宝团成员当中，为这些具有调配危险化学物质知识的人物取的译名。「嗯？这宝物上写了你们冒险家协会的名字么？」——某名盗宝团的「药剂师」与冒险家对峙时说的话足迹遍布大陆各处，甚至深入未知秘境的松散盗贼组织。,master,https://uploadstatic.mihoyo.com/ys-obc/2020/07/14/408757/818f534c2272070bdd40bcd1443280a0_6279284470771309869.png
989,雷史莱姆,"['摩拉', '史莱姆凝液', '史莱姆清', '史莱姆原浆']",暂无,雷,雷史莱姆大型雷史莱姆变异雷史莱姆使用火元素攻击雷史莱姆，会引发大范围的超载反应。,逸散在自然之中的雷元素凝聚形成的小小魔物，能够放出微弱的电力。根据分析，雷史莱姆蹦蹦跳跳的运动方式能反映地面上的电势差。在雷元素极其丰沛的地方，可以通过观察雷史莱姆的异常运动，避开危险。逸散在自然之中的雷元素凝聚形成的魔物。因为体内充沛的雷元素，会间歇性向周围放电。目前，已经有人开始尝试利用这种能量去进行有益的生产活动了，新的学科或许不日也将应运而生...?逸散在自然之中的雷元素凝聚形成的魔物。雷史莱姆异变产生的，明黄色的史莱姆。因为体内充沛的雷元素，会间歇性向周围放电，并能向附近的雷史莱姆放出电弧；但紫色的雷史莱姆之间并不会通电。由此看来，雷史莱姆似乎具有两极。以此为基点，或许能成为某种伟大学科的开端...圆滚滚的元素生物单独游荡的雷史莱姆对旅行者的威胁不大，但成群出没且队伍中存在金色和紫色的史莱姆时，会在能量充盈的状态下形成电场，角色进入其中会被电击。,master,https://uploadstatic.mihoyo.com/ys-obc/2020/07/14/408757/561305795d861da841e47fe7ea95e984_7481647064012107761.png
1013,雷萤,['摩拉'],雷球,雷,雷萤的攻击相比水萤更让人头疼，会由雷萤术士召唤而来。,岩缝，草地由于频繁的移动很难被攻击到，且飞行高度经常脱离近战角色的攻击范围，建议使用双手剑角色的重击，及法器角色进行击杀。能够稍微导引雷元素的小型生物。与其他的萤族生物通称「飞萤」。尽管力量十分弱小，但在某些环境下也能造成可观的伤害。,master,https://uploadstatic.mihoyo.com/ys-obc/2020/07/19/49984918/a77ab935ea82e3ab89806b94ad03d52b_4236765759088478248.png
1101,愚人众先遣队·雷锤前锋军,"['摩拉', '新兵的徽记', '士官的徽记', '尉官的徽记']",挥舞,雷,进入雷元素增幅状态后使用冰元素攻击对其进行反应可大幅度破坏护盾！,传导电能的战锤的愚人众士兵，能进入某种元素增幅状态。这种状态最大的弱点，恐怕是某种能与雷电发生反应的元素之一...体格健壮的先遣队士兵，装备了附有雷元素的战锤。成为愚人众的军人意味着优渥的资源：军饷、武装与物资。但与此同时，也意味着远离故土与亲眷，将余命交给过去不曾谋面的战友。愚人众战争机器中的士兵。「先遣队」之名意味着生死不问，深入祖国以外的土地完成前期任务，为未来的某些行动夯实基础。不同于少数精锐的债务处理人与萤术士，先遣队的单兵实力与装备较为薄弱。为了完成任务，为了减少人员与物资的损耗，先遣队的战术更讲究团队协作。,master,https://uploadstatic.mihoyo.com/ys-obc/2020/09/20/8797197/209f8562b46dbdb3a5ff3527f3c756cb_8231655676041238124.png
2027,深渊咏者·紫电,"['摩拉', '晦暗刻像', '夤夜刻像', '幽邃刻像', '地脉的旧枝', '地脉的枯叶', '地脉的新芽', '战狂', '教官', '流放者', '游医']",感受恩典，深渊之光，拥抱圣眷，聆听真理，伟大的神谕，博爱的升华，栩圣的恩典,雷,暂无,深境螺旋、渊下宫「深渊教团」的魔物，驱雷掣电，高颂着漆黑渊薮。一定程度上拥有消解元素的能力。它的一些攻击对角色造成伤害时，会损耗角色的元素能量。#深境螺旋#深渊咏者紫电解析驱雷掣电，高颂着漆黑渊薮的魔物，隶属于「深渊教团」。它们是深渊的布道者、学士。以狂雷将冥冥长夜所扭曲的深黑智慧，灌入不信者的心中，以无边的紫电，昭告侵蚀人智的伟大力量的存在。,master,https://uploadstatic.mihoyo.com/ys-obc/2021/05/07/4521515/541089f65690f0133e2a1cd8e6397baf_2121407889523301639.png
2385,丘丘雷兜王,"['摩拉', '沉重号角', '黑铜号角', '黑晶号角', '战狂', '教官', '流放者', '游医']",雷改·猛扑，雷改·雷电震荡，雷改·跃击，双重重击，挥打，史莱姆投掷,雷,该怪物攻击前摇较长，请仔细观察并及时躲避。该怪物不会游泳。,雷暴中漫行的神秘「王者」。 被同胞称为「Lawa」的庞大丘丘人。巨像般的身躯充满了丰富的雷元素，散逸出的元素能量以电气水晶的形式从身体的缝隙中生长出来。体内积聚了大量的元素，发生了变异的丘丘暴徒。更大、更壮、更凶悍。丘丘人的文明中没有神，也没有秩序。只要够强壮，打架够狠，就能成为它们的王者。,master,https://uploadstatic.mihoyo.com/ys-obc/2021/07/21/4521515/d96b193ec4493a44bbefe1cfc84ed70b_4087068323594200549.png
2386,雷深渊法师,"['摩拉', '地脉的旧枝', '地脉的枯叶', '地脉的新芽', '战狂', '教官', '流放者', '游医']",电气球，连环雷圈，闪烁四方雷电，护盾恢复,雷,雷深渊法师的雷电圈伤害较高，建议远离或在雷电圈内部近身攻击。,利用雷元素战斗的深渊魔物。曾经有一名学者阿尔瓦·尼古拉，在教令院学习时曾对雷深渊法师使用的雷元素模型进行过系统的研究，最终提出了名为「尼古拉线圈」的理论武器，可惜至今无人将其付诸实践。一说认为他的研究资料在蕈兽泛滥的时候被吃掉了。一定程度上能驾驭元素进行战斗的深渊魔物。出于某种不为人知的缘由，深渊法师精通丘丘人的笨拙语言，能驾驭它们的心智。据说深渊法师略通如今几乎无人可解的失落古语，并利用这些语言的力量行使魔法...,master,https://uploadstatic.mihoyo.com/ys-obc/2021/07/21/4521515/a5d708ac922c2f8d8c47f77a749de102_6630194103954519771.png
2387,雷丘丘萨满,"['摩拉', '导能绘卷', '封魔绘卷', '禁咒绘卷', '破损的面具', '污秽的面具', '不祥的面具']",雷电法阵，雷电图腾，挥击,雷,注意不要处于雷丘丘萨满的雷电图腾附近,嘟嘟囔囔的老年丘丘人，雷元素的祈求者。在元素掌控方面颇富天资的丘丘人，其能力往往会在年老时达到顶峰，既然掌握了掣电引雷的高超技艺，便用这霹雳之声谱写挽歌吧。丘丘人当中的萨满祭司。能在一定程度上求得元素的帮助。「面具的造型设计有着恫吓敌人的意味，但反而让它们看起来有些亲切。」——雅各布·马斯克,master,https://uploadstatic.mihoyo.com/ys-obc/2021/07/21/4521515/7c3e32d7fa6fed37548533064db01f09_6983383098116082144.png
2389,海乱鬼·雷腾,"['摩拉', '破旧的刀镡', '影打刀镡', '名刀镡']",突刺，竖劈，雷刃螺旋格挡,雷,此怪物攻击前摇较长，请注意观察及时躲避。与海乱鬼·炎威同时在场时，尽量同时击杀，否则另一个海乱鬼会触发回血。,落草为寇的流浪武人。有着高强的武道修养，却因为种种原因而没有用武之地，走投无路中踏上了恶逆之道。会利用本应在数百年前失传的惟神技术制造的符纸，为刀剑附上雷霆的力量。,master,https://uploadstatic.mihoyo.com/ys-obc/2021/07/21/4521515/5d6cd61c5e3185be27786ac6aa6a44db_5217111662850488903.png
2390,电气骗骗花,"['摩拉', '骗骗花蜜', '微光花蜜', '原素花蜜']",电气激光，雷电球,雷,元素攻击破盾会使其晕眩一段时间。,元气满满的拟态植物魔物，会用雷元素攻击猎物。在元素能量充满的时候，可以从花冠中释放出强大的电流，因此也有学者试图将其用于一些其他方面的用途...,master,https://uploadstatic.mihoyo.com/ys-obc/2021/07/21/4521515/83fdb1e666240057d829773da65983f3_6775707594019855446.png
2560,雷弹丘丘人,"['摩拉', '破损的面具', '污秽的面具', '不祥的面具']",投掷雷史莱姆,雷,暂无,提瓦特荒野中游荡的原始住民。对于保持着蒙昧生活的丘丘人而言，雷史莱姆似乎不像火史莱姆、风史莱姆那样用途广泛。或许有一天他们会发现雷史莱姆、变异雷史莱姆之间的元素流动，然后取得突飞猛进的发展...?遍布大陆，有着最基础文明形态的人形魔物。如今，大部分人已经放弃了与丘丘人沟通的尝试，认为它们只是纯粹的、不通言语的魔物。面具上不仅绘制着雷元素的图案，还有一些金属质感，黑色的毛发和手脚处露出的深紫色皮肤为雷弹丘丘人增添了一丝神秘感。攻击方式与其他投弹丘丘人一致，与水丘丘萨满配合会给旅行者造成感电效果，也是战斗打响前优先解决的目标。,master,https://uploadstatic.mihoyo.com/ys-obc/2021/08/12/8797197/0ef6f69f88ef397f63bc1433f3f77402_3247379741193455267.png
2626,雷音权现,"['角色经验', '冒险阅历', '摩拉', '好感经验', '雷霆数珠', '最胜紫晶碎屑', '最胜紫晶断片', '最胜紫晶块', '最胜紫晶', '教官', '流放者', '游医', '祭雷之人', '角斗士的终幕礼', '流浪大地的乐团']",闪烁，落雷，雷电陀螺，羽刃雷点权针，电气飞镖，雷电连线，暴怒形态，电网夹攻，雷电牢笼，雷奔云谲冲撞,雷,暂无,异常的雷元素生命。虽然外貌上与纯水精灵有相似之处。却不具备她的智慧与记忆。驱动雷音权现的是更为原始纯粹的愤怒。据说这种生物只会随着雷霆降生在遗留着强大忿恨的地方，譬如说支离破碎、雷云黝黝的天云峠。只要土地中的怨恨不消，那雷鸣也不会断绝吧。,master,https://uploadstatic.mihoyo.com/ys-obc/2021/08/31/4521515/2a4cc1544398b7e2ca933c70d6b1f293_2429729564644567592.png
3409,深海龙蜥·吞雷,"['摩拉', '脆弱的骨片', '结实的骨片', '石化的骨片', '战狂', '教官', '流放者', '游医']",突进，抓击，甩尾，雷霆分裂球，涤魔喷吐,雷,建议旅行者时刻注意角色的当前能量，在角色能量充足时，龙蜥的技能攻击伤害并不高；但吐息攻击会降低角色的能量，在低能量或空能量状态下，龙蜥的攻击伤害将会变得非常可观。,蛰伏于漆黑深水中的掠食者。应对着深海中的未知力量。或许也演化出了水元素以外的变体...面对强敌时，会使出威力强大的「涤魔喷吐」。命中角色后。角色将流失一定元素能量。若角色的元素能量不足，将损失生命值。生活在海渊之下的龙蜥。因为社会分工，而出现了雷元素的形态。古七王凋零之后，新一代的七王正在陆续诞生。只是深海龙蜥如此进化，失去了纯粹。水之龙已经不会在它们族群中诞生了。根据预言，新的水之龙一定会以人形族临...,master,https://uploadstatic.mihoyo.com/ys-obc/2022/01/05/8797197/c64067baed83c715a9b6a4739a21e6b4_7378940819371029858.png
4337,镀金旅团·白日鸣雷,"['摩拉', '褪色红绸', '镶边红绸', '织金红绸']",跳劈，三连劈，蓄力一劈，魔·跳劈，魔·三连劈,雷,暂无,来自沙漠的松散佣兵团体中的中坚力量。在承受一定伤害后，会解放封印在武器中的厄灵，进入魔化状态，大幅提升战斗能力。魔化状态结束后会陷入一定时间的虚弱状态。来自黄金一般的沙漠，是松散佣兵团体中的一员。为了报酬，愿意为任何人效力以战斗为天职，真正的武士部族的后裔。与轻松挥舞巨斧的蛮人形象不同，这一族的战士实际上对沙中废都的古文与诗歌颇有研究。使用的武器中封印着残破的厄灵，会在危急时苏醒。只有战败者的哀嚎才能平息其忿怒——不论败者是武器的主人，抑或是敌人。来自黄金一般的沙漠的松散佣兵团体。为了报酬，愿意为任何人效力。「镀金旅团」是沙之民以外的人对他们的统称，其中有着诸如「法罗赫之子」这样的佣兵团体，也有「塔尼特」这样的部族。作为没有神的民族，多数的「镀金旅团」成员只会为了生计与雇主施展沙漠遗民的武艺。,master,https://uploadstatic.mihoyo.com/ys-obc/2022/08/22/8797197/4361997400a8db9404e4c20fd210cb0d_6503802293396733282.png
4399,旋转雷蕈兽,"['摩拉', '蕈兽孢子', '荧光孢粉', '孢囊晶尘', '失活菌核', '休眠菌核', '茁壮菌核']",头槌，旋转冲锋,雷,无害的小可爱！真的要打吗？在遇到火元素或雷元素后，会转化成「枯焦」或「活化」状态，并且在这个状态下能产生特别的素材。,拥有一定智能的孢子生物。具有强大的环境适应能力。有研究表明，这类蕈兽内部电流的方向会随时间发生周期性的变化，如果加以开发说不定会有更广泛的用途...言以蔽之的话，就是过度成长、过度进化的孢子。据说蕈兽的广布来自实验事故。最初须弥的贤人骐骥将孢子一些特性运用在救死扶伤上。若果真如此，此人显然低估了孢子的环境适应力与传播能力。,master,https://uploadstatic.mihoyo.com/ys-obc/2022/08/20/8797197/ae16ec3eb7eb5e4d744ce19a832e4756_732222467669668440.png
4405,掣电树,"['角色经验', '冒险阅历', '摩拉', '好感经验', '藏雷野实', '最胜紫晶碎屑', '最胜紫晶断片', '最胜紫晶块', '最胜紫晶', '教官', '流放者', '游医', '祭雷之人', '角斗士的终幕礼', '流浪大地的乐团']",地涌雷光，三连·地涌雷光，大风车，摇摆雷光，摇摆激光，雷聚变，跟踪电荷，持续落雷,雷,暂无,与急冻树、爆炎树相似的掠食性植物，会在根部或花冠处凝结成类似雷元素核心的某种器官。这种器官进行转移时，它的状态将发生改变，并凝聚出「盈极花蕊」或「虚极花蕊」。两种花蕊同时存在时，会相互吸引并在相撞后引发强大的电荷爆破。如果能顺利将其破坏的话，或许能使战斗轻松一些吧。汲取了地脉中传导的高压电流的巨大藤蔓形成的魔物。从树冠中源源不断释放出电力，如同发泄着大地的愤怒。曾经有妙论派的学者提出，如果围绕掣电树建立起一套复杂的电路矩阵，便能够将其中的电能输送到城市里使用。这一计划遭到了素论派学者的激烈反对，为此他们不惜牺牲了十头蕈猪以证明使用电力的危险性。会肆意释放地脉当中储存的电荷的巨大植物。雷电的力量能使植物活化、土地肥沃。假使这种藤蔓是为了调和地脉而生的，那让须弥的林木繁茂或许就是大地的愿望吧。,master,https://uploadstatic.mihoyo.com/ys-obc/2022/08/16/8797197/a7bcec110df89d6cca11ed9a7d01c54b_8243459359278779808.png
4800,伸缩雷蕈兽,"['摩拉', '蕈兽孢子', '荧光孢粉', '孢囊晶尘', '失活菌核', '休眠菌核', '茁壮菌核']",雷弹，头槌,雷,无害的小可爱！真的要打吗？在遇到火元素或雷元素后，会转化成「枯焦」或「活化」状态，并且在这个状态下能产生特别的素材。,拥有一定智能的孢子生物。具有强大的环境适应能力。通过伸长的菌柱快速吸收养分的蕈兽，伞状的菌盖会随着风的流向转动。言以蔽之的话，就是过度成长、过度进化的孢子。据说蕈兽的广布来自实验事故。最初须弥的贤人骐骥将孢子一些特性运用在救死扶伤上。若果真如此，此人显然低估了孢子的环境适应力与传播能力。,master,https://uploadstatic.mihoyo.com/ys-obc/2022/09/24/4521515/2a12488748ccec467be42e3cf0bd366a_6068983828084169503.jpg
1987,若陀龙王,"['冒险阅历', '摩拉', '好感经验', '角色经验', '北陆单手剑原胚', '北陆弓原胚', '北陆双手剑原胚', '北陆法器原胚', '北陆长柄武器原胚', '异梦溶媒', '龙王之冕', '血玉之枝', '鎏金之鳞', '涤净青金碎屑', '涤净青金断片', '涤净青金块', '涤净青金', '哀叙冰玉碎屑', '哀叙冰玉断片', '哀叙冰玉块', '哀叙冰玉', '燃愿玛瑙碎屑', '燃愿玛瑙断片', '燃愿玛瑙块', '燃愿玛瑙', '最胜紫晶碎屑', '最胜紫晶断片', '最胜紫晶块', '最胜紫晶', '坚牢黄玉碎屑', '坚牢黄玉断片', '坚牢黄玉块', '坚牢黄玉', '战狂', '教官', '流放者', '角斗士的终幕礼', '流浪大地的乐团']",线性冲击，侧面撞击，落石爆炸，吐石攻击，钻地落石，地底冲击，地动山摇，甩尾横扫，拍地震击，多重震地，水形态变换，水·水泡环绕，水·地动山摇，水·拍地震击，水·水柱法阵，水·多重震地，雷形态变换，雷·线性冲击，雷·雷电法阵，雷·落雷法阵，雷·雷电球火形态变换，火·天火法阵，火·烈焰焚烧，火·拍地震击，火·地动山摇，火·多重震地冰形态变换，冰·肉蛋冲击，冰·甩尾横扫，冰·巨尾震地，冰·冰封法阵，冰·暴雪纷飞，冰·冰幕追踪弹,火、冰、雷、岩,暂无,若陀龙王会进行岩·水·雷·火·冰形态变换，在上一形态的基础上增加新形态的技能，并附加对应的元素抗性。【V1.5攻略】若陀龙王水雷形态技能解析如同山岳一般长寿的古老巨龙。在难以追忆的年月里曾与岩港的帝君并肩，但最终反目，遭镇压于黑暗的地底。在无比漫长的岁月中，它的力量渐渐流失，形态也因各种折磨而扭曲。枷锁的隐隐震响与龙祖低沉的怒吼，同记忆一般在山峦间回荡。掉落材料会随着属性的变更而有所改变,master,https://uploadstatic.mihoyo.com/ys-obc/2021/04/28/4521515/95ed03933a6f8cc13d43ad34772799ed_8952216951194232034.png
155,火深渊法师,"['摩拉', '地脉的旧枝', '地脉的枯叶', '地脉的新芽', '战狂', '教官', '流放者', '游医']",地火喷射，鬼面火阵，烈焰舞轮，护盾恢复,火,当火深渊法师发出奸笑时，迅速离开当前位置，否则会被随之召唤而来的3个鬼面成包围之势用喷火攻击。,拥有魔力，利用火元素战斗的深渊魔物。出于某种不为人知的缘由，深渊法师精通丘丘人的笨拙语言，能驾驭它们的心智。据说深渊法师略通如今几乎无人可解的失落古语，并利用这种语言的力量行使魔法。一定程度上能驾驭元素进行战斗的深渊魔物。出于某种不为人知的缘由，深渊法师精通丘丘人的笨拙语言，能驾驭它们的心智。据说深渊法师略通如今几乎无人可解的失落古语，并利用这种语言的力量行使魔法...破开火深渊法师的护罩后，它会进入萎靡的状态，此刻正是输出的绝好时机，但也切勿大意，少许时间后，火深渊法师会重新开始咏唱，并在周围不断喷射出地火，此时距离较近的角色很容易因此受到大量伤害，咏唱结束后会重新生成火元素护罩。战斗的要领在于使用风，水，冰，雷，岩元素快速破开火元素护罩（使用水属性攻击破盾效果最佳），击中火力输出破盾后的火深渊法师，当开始咏唱时，使用带有爆炸效果的元素反应将其打断。,master,https://uploadstatic.mihoyo.com/ys-obc/2020/03/20/408757/30bed59410627a58f478e711457c10be_4104656774517470961.png
371,愚人众·火之债务处理人,"['摩拉', '猎兵祭刀', '特工祭刀', '督察长祭刀', '新兵的徽记', '士官的徽记', '尉官的徽记', '战狂', '教官', '流放者', '游医']",暂无,火,暂无,隶属愚人众的特务人员。债务处理人所处理的「债务」，并不局限于钱货往来的清算。「以眼还眼，以牙还牙」也是一种债。无论是谁，只要损害了愚人众的利益，那就要十倍奉还。债务处理人隐身攻击六次后，根据场上剩余数量影子释放六星斩杀阵。每多一个影子多突袭一次，场上没有影子则不会释放。,master,https://uploadstatic.mihoyo.com/ys-obc/2020/10/12/8797197/8ee1a6bb5dc7dd42a6c1cda46dab6ee7_1360670860940615852.png
383,火斧丘丘暴徒,"['摩拉', '沉重号角', '黑铜号角', '黑晶号角', '破损的面具', '污秽的面具', '不祥的面具', '战狂', '教官', '流放者', '游医']",暂无,火,可以被嘲讽，使用兔兔伯爵将是不错的选择。会利用火元素强化自己的斧头攻击敌人，使用水元素和冰元素可以有效克制。自身无属性，因此使用水和冰元素进行冰冻有奇效！,手持长柄大斧的丘丘人大块头。攻击大开大合，会利用火史莱姆为战斧附上火元素，具有强大的破坏力。通常，像火斧丘丘暴徒这样为武器反复淬火会导致钢铁的硬度下降，进而导致刃口容易受损。但丘丘暴徒的力量足够强大，斧子就算刃口没了也可以当锤子用。丘丘人的部落当中，百里挑一的强壮勇士。持手斧作为武器进行战斗。对于丘丘人而言，最重要的事情就是吃肉和打架，让身体变得强壮。如果能成为丘丘暴徒这样又大又壮的战士，就能吃更多肉，打更多架了。,master,https://uploadstatic.mihoyo.com/ys-obc/2020/03/30/408757/a6c4bcdb7d1bbc9b446e4e5f1a330008_6421718515791897048.png
955,爆弹丘丘人,"['摩拉', '破损的面具', '污秽的面具', '不祥的面具']",挥拳，投掷史莱姆,火,可在其前摇动作时进行打断，不建议使用近战去打断。可以合理利用自身创造物来阻挡或吸引仇恨。,提瓦特荒野中游荡的原始住民。擅长活用火史莱姆的狡猾家伙，把火史莱姆用作迎击来犯者的武器，利用火史莱姆的爆炸，投掷技巧精湛的爆弹丘丘人或许可以一次击碎五根石柱吧。从外表上看与冲锋丘丘人一致，惊扰后会从地下挖出非常小的火史莱姆抱在手上，瞄准敌人后抛出火史莱姆，当火史莱姆命中任何物体时都会爆炸，会燃烧草地或是给玩家造成大量伤害。成群出没时需要特别当心队伍中爆弹丘丘人发起的攻击。在手中没有火史莱姆时，对靠近的敌人也会使用挥拳攻击。,master,https://uploadstatic.mihoyo.com/ys-obc/2020/07/09/408757/f8d26d6a9ed0fcba7ab012e03650ea50_2948593667028266001.png
962,火箭丘丘人,"['摩拉', '牢固的箭簇', '锐利的箭簇', '历战的箭簇', '破损的面具', '污秽的面具', '不祥的面具']",暂无,火,面具上绘制着火元素的图案，发射的弩箭带有火元素攻击，角色被击中后会持续受到伤害。每次射击后都要重新装填弩箭，趁这个时间快速击败它吧。,提瓦特荒野中游荡的原始住民。手持简陋弩机的射手，箭头上敷了一层薄薄的易燃材料，以便烧灼其目标。前代的艾尔·马斯克认为，这是头脑灵光的丘丘人想要在捕猎时顺便完成烹饪而为的创新之事。操作弩进行远程攻击的丘丘人。丘丘人的智能水平连学会弩机的操控方式都有困难，遑论生产这种需要精密加工的设备了。由此，或许可以认为，看似漫无目的地散布在大陆各处的丘丘人背后，或许有着为它们提供装备与训练的组织......,master,https://uploadstatic.mihoyo.com/ys-obc/2020/07/09/408757/f8d26d6a9ed0fcba7ab012e03650ea50_2876146447851098207.png
984,盗宝团·火之药剂师,"['摩拉', '寻宝鸦印', '藏银鸦印', '攫金鸦印']",暂无,火,使用远程攻击手段袭击旅行者，威胁程度约等于火史莱姆···,足迹遍布大陆各处，甚至深入未知秘境的松散盗贼组织中的一员。利用化学的知识，铤而走险的人。会调配出易燃易爆的物质，与团伙中其他的同伴一同作案。足迹遍布大陆各处，甚至深入未知秘境的松散盗贼组织。,master,https://uploadstatic.mihoyo.com/ys-obc/2020/07/14/408757/f10c10129c3fd45ca37ddc4b8654b385_1436988123520196894.png
986,火史莱姆,"['摩拉', '史莱姆凝液', '史莱姆清', '史莱姆原浆']",暂无,火,火史莱姆的攻击会带有火元素附着，连同周围的草地一起燃烧掉，旅行者可以尽量采用远程攻击的方式作战。能量充盈的火史莱姆在被击杀后，体内的火元素会一次性爆发出来，注意让角色提前避开。,火史莱姆逸散在自然之中的火元素沉积形成的小小魔物。具有非常基础的智能水平，但似乎具有很广泛的用途。对丘丘人而言。大型火史莱姆逸散在自然之中的火元素沉积形成的魔物。虽然智能水平并没有随着体型的成长而提高，但真的很热。在干燥的季节，可能会引发野火。愤怒的时候会喷吐炽热的火球，情绪低落的时候会变暗，是表达能力很强的史莱姆。圆滚滚的元素生物旅行者可以使用水元素或者冰元素主动使其体内能量消耗殆尽，使用火元素则会为其补充能量。,master,https://uploadstatic.mihoyo.com/ys-obc/2020/07/14/408757/10269cd5d7ceee8c7901c951e3764164_7897239102717580681.png
1098,爆炎树,"['冒险阅历', '摩拉', '好感经验', '角色经验', '燃愿玛瑙碎屑', '燃愿玛瑙断片', '燃愿玛瑙块', '燃愿玛瑙', '常燃火种', '战狂', '教官', '冒险家', '祭火之人', '角斗士的终幕礼', '流浪大地的乐团']",火球机关枪 ，砸地攻击，蓄力攻击，火种爆炸，火球散射，旋转攻击，三连砸地，地火喷射,火,蛰伏在地下，利用怒放的鲜艳花朵诱骗猎物的巨大元素植物，会狂暴地攻击靠近它的人。在根部似乎生长着类似火元素核心的某种果实，也许能通过它有效地造成伤害吧...,玩家攻略爆炎树的攻略解析与应对建议吸收了地脉中奔涌的古老烈焰的巨大藤蔓。如同充满怒火一般，永不止息的植物。诗人、歌手乃至一些学者认为「元素」中蕴含着情感和愿望。如果属实，又是什么情感与愿望驱使着爆炎树恒常燃烧，如同渴求着挣脱大地的束缚一般挣扎舞动呢...以上以公测1.3内容为准,master,https://uploadstatic.mihoyo.com/ys-obc/2020/09/18/8797197/2f269d44c68362ac31ca791d026a0c17_2784748444474053816.png
1100,炽热骗骗花,"['摩拉', '骗骗花蜜', '微光花蜜', '原素花蜜']",暂无,火,遁地闪身：骗骗花钻入地下转移位置，纯粹的位移技能，不会造成伤害，不过要注意技能释放的时机以免放空火元素蓄力：骗骗花在三个火元素之种全部消耗后，钻入地下一段时间后钻出，重新获得三个火元素之种古灵精怪的拟态植物魔物，会用火元素攻击猎物。,提瓦特的世界中，存在着元素凭附的植物。因此获得了智性的它们，对「养分」的需求也大大提升了...古灵精怪的拟态植物魔物，会用元素战斗。有时会隐藏在地表下，捕猎浑然不觉的猎物。如果有足够的年月、养分与环境，或许能扎根某处，长成巨大的、摇曳着喷吐魔力的树...,master,https://uploadstatic.mihoyo.com/ys-obc/2020/09/20/8797197/f140eafa532ded1887ddbea43aeba732_3463827845552176719.png
1102,愚人众先遣队·火铳游击兵,"['摩拉', '新兵的徽记', '士官的徽记', '尉官的徽记']",暂无,火,利用喷射火元素的铁铳战斗的愚人众士兵，能进入某种元素增幅状态。这种状态最大的弱点，恐怕是某种能与火发生反应的元素之一...,操使着烈焰之铳的愚人众士兵。先遣队配置的武器在一定程度上能制御元素，战斗策略上则会利用元素反应。因为拥有这样的武装与知识，先遣队团队作战时能带来无法小觑的威胁。愚人众战争机器中的士兵。「先遣队」之名意味着生死不问，深入祖国以外的土地完成前期任务，为未来的某些行动夯实基础。不同于少数精锐的债务处理人与萤术士，先遣队的单兵实力与装备较为薄弱。为了完成任务，为了减少人员与物资的损耗，先遣队的战术更讲究团队协作。,master,https://uploadstatic.mihoyo.com/ys-obc/2020/09/20/8797197/d8b17878ec221218fec55f85bb191248_3353779235535077722.png
2388,海乱鬼·炎威,"['摩拉', '破旧的刀镡', '影打刀镡', '名刀镡']",突刺，竖劈，火刃螺旋，格挡,火,此怪物攻击前摇较长，请注意观察及时躲避。与海乱鬼·雷腾同时在场时，尽量同时击杀，否则另一个海乱鬼会触发回血。,落草为寇的流浪武人。自幼时便专注于武道从未懈怠，却因为种种原因失去了奉公的机会，背离了正道，走上恶逆之路。刀刃不似一般的钢铁那般冰冷，而是充满了忿恨的炽热怒火，似乎是利用了本应失传的惟神技术制造的符纸。,master,https://uploadstatic.mihoyo.com/ys-obc/2021/07/21/4521515/8bf2ecb263717047e4cc710bd61a252e_325175443866617423.png
2461,无相之火·亚因,"['冒险阅历', '摩拉', '好感经验', '角色经验', '阴燃之珠', '燃愿玛瑙碎屑', '燃愿玛瑙断片', '燃愿玛瑙块', '燃愿玛瑙', '战狂', '教官', '冒险家', '祭火之人', '角斗士的终幕礼', '流浪大地的乐团']",燃烧-火球滚滚，燃烧-地火拳，燃烧-眼镜蛇射击，燃烧-拟态三段击，燃烧-自爆，熄灭-炎涌，熄灭-方壳，射击神无冢,火,使用水元素攻击可大幅度加速熄灭无相之火的过程。,代号为「亚因」的高级火元素生命。根据学者的研究，无相元素与当地元素脉络的异常有着密切的关联。但究竟是无相元素的存在影响了元素脉络，还是异变的元素能量创生了无相元素，就不得而知了。无相元素被破坏之前，通常而言，会进入某种近似「紧急再启动」的状态，并通过这种方式恢复能量。这种急速再生的能力，是连以生存为究极目的的大部分生物都不具备的。用惰性的方壳保护自己与战斗的强大元素魔物。具有「燃烧」与「熄灭」两种状态。处于燃烧状态下时，无相之火的元素核心不会暴露，并会持续恢复生命；通过合适的元素反应使其熄灭后，才能得到突破的机会。在熄灭状态下，无相之火会创造「火种」，尝试复燃...,master,https://uploadstatic.mihoyo.com/ys-obc/2021/07/29/8797197/1b7fc5be20a5fe3c73a34c2864abb494_5841125364167932596.png
3406,深渊咏者·渊火,"['摩拉', '晦暗刻像', '夤夜刻像', '幽邃刻像', '战狂', '教官', '流放者', '游医']",炽烈的真言，烈焰带来拯救，妄烈的宇宙，灼热的煊戒，渊火加护，天云的祈誓，未来的一角,火,深渊咏者·渊火进入渊火加护状态后，可以通过破坏黯火炉心，更加快速地破除渊火加护。深渊咏者·渊火的一些攻击对角色造成伤害时，会赋予深渊之火的烙印，在短时间后爆发，使队伍中所有角色损失大量生命值。利用护盾，或许可以预防烙印的附着。处于场上的角色可能因为烙印爆发损失的生命值而倒下。,驱使深渊之火，追寻着章典之意义的魔物。隶属于深渊教团。地上之人对他们的称呼其实和本意略有偏差。咏者也有读经士之意。诵读恩典之章，便会拥有强大的力量。,master,https://uploadstatic.mihoyo.com/ys-obc/2022/01/04/4521515/2ac275de8fc0cf4174e225240659a54b_5293795442472443198.png
3615,黯色空壳·旗令,"['摩拉', '晦暗刻像', '夤夜刻像', '幽邃刻像', '战狂', '教官', '流放者', '游医']",火球术，挥击，创造护盾,火,暂无,层岩巨渊谜样的漆黑旗手。它的攻击在命中处于护盾庇护下的角色后，会以生命值为代价，为自己与身边的「黯色空壳」创造护盾。神秘的漆黑士兵。从行动来看或许已经失去身为「人」的意志了吧。但倘若果真如此的话，那又为何会高举着某种旗号战斗呢...,master,https://uploadstatic.mihoyo.com/ys-obc/2022/02/17/8797197/1db71abb65b312e05d45f8eee7d9221d_7808949094813849037.png
4400,伸缩火蕈兽,"['摩拉', '蕈兽孢子', '荧光孢粉', '孢囊晶尘', '失活菌核', '休眠菌核', '茁壮菌核']",头槌，火箭头槌,火,无害的小可爱！真的要打吗？在遇到火元素或雷元素后，会转化成「枯焦」或「活化」状态，并且在这个状态下能产生特别的素材。,拥有一定智能的孢子生物。具有强大的环境适应能力。虽然看上去很火爆，但其实性格相当温和只要不要靠得太近应该不会有什么危险...？言以蔽之的话，就是过度成长、过度进化的孢子。据说蕈兽的广布来自实验事故。最初须弥的贤人骐骥将孢子一些特性运用在救死扶伤上。若果真如此，此人显然低估了孢子的环境适应力与传播能力。,master,https://uploadstatic.mihoyo.com/ys-obc/2022/08/20/8797197/d62a126050dc1a4f8742b291954b9385_8597957429216374586.png
4842,旋转火蕈兽,"['摩拉', '蕈兽孢子', '荧光孢粉 ', '孢囊晶尘', '失活菌核', '休眠菌核', '茁壮菌核']",头槌，自爆,火,无害的小可爱！真的要打吗？在遇到火元素或雷元素后，会转化成「枯焦」或「活化」状态，并且在这个状态下能产生特别的素材。,拥有一定智能的孢子生物。具有强大的环境适应能力。因为含有富集的火元素，在干燥的季节容易引发林火，对森林来说是非常危险的入侵物种。言以蔽之的话，就是过度成长、过度进化的孢子。据说蕈兽的广布来自实验事故。最初须弥的贤人骐骥将孢子一些特性运用在救死扶伤上。若果真如此，此人显然低估了孢子的环境适应力与传播能力。,master,https://uploadstatic.mihoyo.com/ys-obc/2022/09/28/8797197/d516e47d84cbfe4097275eb76caaa2ac_3305097386085636827.png
189,狂风之核,"['摩拉', '战狂', '教官', '流放者', '游医']",暂无,风,攻击免疫风元素伤害，旅行者在进行攻略时需注意！当狂风之核在空中蓄力时，使弓箭蓄力可以打断，抓住这个机会可以获得宝贵的输出时间。,质量极高的风元素结核后产生的形态。狂风之核的形成意味着地方的元素地脉阻塞，其中出现了淤积。会肆无忌惮地挥霍狂风的力量，扫荡周围的人，或许也是因为它象征着此间天地的病痛吧。,master,https://uploadstatic.mihoyo.com/ys-obc/2020/03/19/8797197/6e9ccc598cc9b2c36906595c78ff0f64_4973010985862969622.png
191,无相之风·贝特,"['冒险阅历', '摩拉', '好感经验', '角色经验', '飓风之种', '自在松石碎屑', '自在松石断片', '自在松石块', '自在松石', '战狂', '教官', '幸运儿', '角斗士的终幕礼', '流浪大地的乐团']",高风坠流，扶风卷月，真空爆破，风蝶振翅，压缩风场，拍掌，投射,风,暂无,用惰性的方壳保护自己与战斗的强大元素魔物。抓住元素核心暴露在外的时间，才能有效攻击。在濒死时会召唤特殊的元素晶球恢复生命。,master,https://uploadstatic.mihoyo.com/ys-obc/2020/03/21/408757/baf287a7c0ff5deb0bb215ef28f5e6ad_4417626403798404248.png
209,裂空的魔龙,"['冒险阅历', '摩拉', '好感经验', '角色经验', '北陆单手剑原胚', '北陆弓原胚', '北陆双手剑原胚', '北陆法器原胚', '北陆长柄武器原胚', '异梦溶媒', '东风之翎', '东风之爪', '东风的吐息', '自在松石碎屑', '自在松石断片', '自在松石块', '自在松石', '最胜紫晶碎屑', '最胜紫晶断片', '最胜紫晶块', '最胜紫晶', '涤净青金碎屑', '涤净青金断片', '涤净青金块', '涤净青金', '战狂', '教官', '流放者', '角斗士的终幕礼', '流浪大地的乐团']",暂无,风,暂无,蒙德的「四风守护」之一，东风之龙特瓦林在漫长的岁月与无边的黑暗中，清澈的宝石也会蒙尘而变得黯淡，高傲的龙也会被侵蚀而充满了忿恨。不过，要记住，尘埃能被轻易拭去，疑惧与毒也能被粉碎。「自由地在深空中翱翔吧。「就如当年你我相遇时，我行走在大地上，唱着风的歌曲；「你则在大气稀薄的高天上，俯瞰世界。「如今的天空中没有风雪，大地上充满了绿草，会很美丽吧。「如果你也在地面上行走过，听过牧歌和风铃在远方错落的歌，尝过蜜一样甜的酒就会明白吧。「如果你曾是我，看见过你在蓝蓝的天上滑翔的孤高模样，见识过你的美丽身姿就好了。「如此，你就会明白，这样的天空与大地，是值得为之奋战的。」诗人说完了那片废墟的故事、温妮莎的故事，又开始说起了风龙的故事。他诵道：「我的诉说的故事来自于太古，那时众神还行走人世。」就在那个时候，挟带着风元素的龙在高天诞生了(注释 1)。它缓缓降下，对世间一切充满了好奇。他落在村落，却被恐惧的人们扔石头击打。龙听不懂人们的恐惧中说出来的话。他落在墓园，只听到了悲伤的人们嗟叹连绵。龙听不懂人们的悲伤中说出来的话。他落在果园，却被失去了果树的愤怒的人们咒骂。龙听不懂人们的愤怒中说出来的话。人世间种种太过纷繁复杂。龙迷惑了，但是龙还是想要尝试。直到有一日，龙听到了天空之琴的声音。「天空」是里拉琴的名字，也是风之神的伴侣。龙被诗文吸引，落在了天空之下最好的歌者身边。人们开始惊慌，因强大的元素之龙和主宰尘世的大神们，向来难以和睦相处。「看啊，它多么美丽，多么温柔。」风之歌者说。「可是，我们不知道它在想什么啊。」人们说。旋律与诗文吸引了龙和人们，这是什么样的魔力呢？龙决定留在歌者身边，因为它也想要万物都能理解它的心。它学会了人的言语，学会了风之歌者的技法。后世都把它视作守护蒙德的四方之风之一。(注释：元素诞生出的生命，沉积则会变成史莱姆，上升则形成晶蝶；少数会变成危险的元素怪物。龙形的元素生物十分少见，而且强大，可以与昔日魔神匹敌。）终天闭幕曲：会使平台开裂，裂缝涌出的能量会持续伤害旅行者。,master,https://uploadstatic.mihoyo.com/ys-obc/2020/03/23/408757/cf9a2ff0fba6f0c27b884e3bd1c0cd87_3152596685020308057.png
212,北风的王狼,"['冒险阅历', '摩拉', '好感经验', '角色经验', '北陆单手剑原胚', '北陆弓原胚', '北陆双手剑原胚', '北陆法器原胚', '北陆长柄武器原胚', '异梦溶媒', '北风之尾', '北风之环', '北风的魂匣', '哀叙冰玉碎屑', '哀叙冰玉断片', '哀叙冰玉块', '哀叙冰玉', '坚牢黄玉碎屑', '坚牢黄玉断片', '坚牢黄玉块', '坚牢黄玉', '燃愿玛瑙碎屑', '燃愿玛瑙断片', '燃愿玛瑙块', '燃愿玛瑙', '战狂', '教官', '流放者', '角斗士的终幕礼', '流浪大地的乐团']",冰径冲刺，引冰重跃，冰棱横扫，挥爪攻击，暗影模式，地面冰裂，暗影冲刺，暗影跃击,风,旅行者战斗前携带足够的食物。北风狼对风属性伤害及冰属性伤害免疫，请旅行者注意阵容搭配。,冰锥攻击，风浪冲击，冰浪冲击，狼影扑杀，挥爪攻击，甩尾，狂风振啸守望着奔狼领的「卢皮卡」，无比崇高的伟大灵魂。当群狼受到威胁时，会以狼的姿态现世，展现自己的苍牙与利爪。奔狼领的狼对蒙德人而言，通常是诡谲的魅影：树木之间一闪而过的模糊形象、方位难辨的凄嚎，以及独行郊野林中时，时常能隐约感受到的视线。人与狼冰冷的双眸直视的机会很少，因为「王狼」为自己的族类订立了规矩。守望着奔狼领的崇高灵魂。当群狼受到威胁时，会以狼的姿态现世，展现自己的苍牙与利爪。传说其力量来自远古的魔神。建议旅行者战斗前使用耐寒药剂和有特殊效果的食物并额外携带防风药剂。北风之狼机制详解,master,https://uploadstatic.mihoyo.com/ys-obc/2020/03/23/408757/dc96e2dc9303aaa26f2f97a59049fdd4_2018276294304439605.png
965,风丘丘萨满,"['摩拉', '导能绘卷', '封魔绘卷', '禁咒绘卷', '破损的面具', '污秽的面具', '不祥的面具']",龙卷风，风场,风,暂无,挥打嘟嘟囔囔的老年丘丘人，风元素的传信者。在元素掌控方面颇富天资的丘丘人，其能力往往会在年老时达到顶峰，其牵掣流风的能力，正是来源于黑暗晦暝的失落记忆。丘丘人当中的萨满祭司。能在一定程度上求得元素的帮助。「面具的造型设计有着恫吓敌人的意味，但反而让它们看起来有些亲切。」——雅各布·马斯克丘丘部族中操纵风元素力量的特殊个体，是偏向控制类的丘丘萨满，手持巨大的青绿色萨满杖，靠近的话会使用萨满杖直接攻击。风丘丘萨满会率先召唤3股小型旋风干扰角色移动，然后通过持续施法的方式维持一个风场将角色拉至风场中央，从而多方位的限制角色移动及攻击。建议在风丘丘萨满召唤旋风后，通过技能或攻击打断风场的召唤，并快速击杀。,master,https://uploadstatic.mihoyo.com/ys-obc/2020/07/08/408757/e2ecbfe08e446498332676967affa6c9_3155419472824575414.png
988,风史莱姆,"['摩拉', '史莱姆凝液', '史莱姆清', '史莱姆原浆']",暂无,风,风史莱姆大型史莱姆当看到成群的风史莱姆围在一起时，全部击杀后会有惊喜哦！敌人会膨胀并飞到高空，这时攻击可直接将其秒杀。,逸散在自然之中的风元素凝聚形成的小小魔物。因为风元素的力量，所以具有一定程度的飘浮能力。逸散在自然之中的风元素凝聚形成的魔物。相比风史莱姆，因为含有更浓厚的风元素所以漂浮能力也更强。常年生活在荒野中的丘丘人似乎也会利用这种特性，制作特殊的、以大型风史莱姆为动力的载具，运输不知从何而来的物资。圆滚滚的元素生物,master,https://uploadstatic.mihoyo.com/ys-obc/2020/07/14/408757/de444c63df86b407045c0cca2d9c24b2_4648965768067957699.png
1104,愚人众先遣队·风拳前锋军,"['摩拉', '新兵的徽记', '士官的徽记', '尉官的徽记']",暂无,风,暂无,能操纵风元素，辅助战友的愚人众士兵。当其他先遣队士兵的元素增幅状态被破除并陷入虚弱状态时，会释放复苏的风之力，让战友能再度投身战斗。,master,https://uploadstatic.mihoyo.com/ys-obc/2020/09/17/8797197/03ad553f876a401a9f1e494ba96c35c9_6864808051684788769.png
3877,黑蛇骑士·斩风之剑,"['摩拉', '晦暗刻像', '夤夜刻像', '幽邃刻像', '战狂', '教官', '流放者', '游医']",挥砍，挥砍二连，追击连砍，剑刃回旋，鞭击，风团连打,风,暂无,地下水泽曾经是何处颇具地位的近卫军人，能够驾驭风的力量。它的攻击在命中处于护盾庇护下的角色后，会以生命为代价，变得更加强大、敏捷。在宫廷当中颇具地位的近卫军人，以名唤「至真之术」的剑斗技巧，扫除王家的敌人。「末光之剑」也曾是他们当中的一员。在王国的光荣尽数失落、一切都无可挽回之前。永远的黑蛇骑士——哈夫丹,master,https://uploadstatic.mihoyo.com/ys-obc/2022/03/15/8797197/b45382b87f764d3c9088578fd0d4a251_3894770405647721085.png
4401,伸缩风蕈兽,"['摩拉', '蕈兽孢子', '荧光孢粉', '孢囊晶尘', '失活菌核', '休眠菌核', '茁壮菌核']",头槌，风息慢射,风,无害的小可爱！真的要打吗？在遇到火元素或雷元素后，会转化成「枯焦」或「活化」状态，并且在这个状态下能产生特别的素材。,拥有一定智能的孢子生物。具有强大的环境适应能力。通过伸长的菌柱快速吸收养分的蕈兽，伞状的菌盖会随着风的流向转动。言以蔽之的话，就是过度成长、过度进化的孢子。据说蕈兽的广布来自实验事故。最初须弥的贤人骐骥将孢子一些特性运用在救死扶伤上。若果真如此，此人显然低估了孢子的环境适应力与传播能力。,master,https://uploadstatic.mihoyo.com/ys-obc/2022/08/16/8797197/bc57087f35c1d5c1d4a23842701a414d_2444599080407467478.png
4801,镀金旅团·灵风猎手,"['摩拉', '褪色红绸', '镶边红绸', '织金红绸']",三连击，瞬击，蓄力跃击蓄力直击，箭矛攻击，召唤（魔鸢厄灵）魔鸢厄灵-风场，魔鸢厄灵-滑翔，魔鸢厄灵-龙卷、魔鸢厄灵-平击,风,暂无,由于机弩的广泛使用，在如今的镀金部族中唯有最老练的战士才会使用长弓作战。她们无需依靠双目，仅凭风沙流动的声音便能分辨出敌人的所在。使用的武器中封印着残破的厄灵，会在危急时苏醒。只有战败者的哀嚎才能平息他们的愤怒。--不论败者是武器的主抑或是敌人。,master,https://uploadstatic.mihoyo.com/ys-obc/2022/09/24/4521515/511020de74345651760efc9403af52ab_3676084607640569773.jpg
4844,浮游风蕈兽,"['摩拉', '蕈兽孢子', '荧光孢粉', '孢囊晶尘', '失活菌核', '休眠菌核', '茁壮菌核']",头槌，风弹射击,风,无害的小可爱！真的要打吗？在遇到火元素或雷元素后，会转化成「枯焦」或「活化」状态，并且在这个状态下能产生特别的素材。,拥有一定智能的孢子生物。具有强大的环境适应能力。虽然有着不小的菌帽，但这些伞状组织的结构其实是中空的，因此难以作为食材使用。言以蔽之的话，就是过度成长、过度进化的孢子。据说蕈兽的广布来自实验事故。最初须弥的贤人骐骥将孢子一些特性运用在救死扶伤上。若果真如此，此人显然低估了孢子的环境适应力与传播能力。,master,https://uploadstatic.mihoyo.com/ys-obc/2022/09/28/8797197/84577cccbb931286a69d334835d071f5_3994981339681258702.png
973,草丘丘萨满,"['摩拉', '导能绘卷', '封魔绘卷', '禁咒绘卷', '破损的面具', '污秽的面具', '不祥的面具']",挥棍，藤蔓,草,暂无,草场嘟嘟囔囔的老年丘丘人，草元素的唤醒者在元素掌控方面颇富天资的丘丘人，其能力往往会在年老时达到顶峰。承载着面具下的不甘，憎恨人心的毒藤随呢喃蔓生而出。丘丘人当中的萨满祭司。能在一定程度上求得元素的帮助。「面具的造型设计有着恫吓敌人的意味，但反而让它们看起来有些亲切。」——雅各布·马斯克手持绿叶点缀的萨满杖在族群的后方辅助其他丘丘人，战斗时会召唤3簇藤蔓阻碍旅行者行动并挡住箭矢等远程攻击手段，撞到藤蔓上会造成少量伤害，并打断冲刺动作，藤蔓会被火元素燃烧殆尽或一段时间后自然消失。草丘丘萨满还会通过持续施法在场地中制造一片被草元素环绕的区域，角色进入其中会被草元素附着，当被其他丘丘人如火箭丘丘人或者冲锋丘丘人攻击后，会触发燃烧反应，从而持续造成伤害，可谓是不可不防。,master,https://uploadstatic.mihoyo.com/ys-obc/2020/07/14/408757/dfeadfbe94f6ddc865c4b1d8e88944a1_7046483373744790103.png
990,草史莱姆,"['摩拉', '史莱姆凝液', '史莱姆清', '史莱姆原浆']",暂无,草,草史莱姆大型草史莱姆火元素的攻击对其有致命的效果。,因为充沛的草元素，而发生了生态上的质变的史莱姆。从生态而言，也获得了草元素的弱点。一旦遇上明火，就会剧烈地燃烧。因为充沛的草元素，而发生了生态上的质变的史莱姆。但也有人认为，从热衷于通过欺骗性的伪装来偷袭猎物，类似骗骗花的捕猎行为来看，或许是被特殊的植物寄生的史莱姆。从这个角度来看，草史莱姆在某些文化当中，或许被认为具有特别的药用价值...?圆滚滚的元素生物头顶长有的植物和体型是辨识草史莱姆的有效标志。通常大型的草史莱姆好战性会很强，而小型的草史莱姆即使发现旅行者也会立即进入伪装状态，并找机会快速溜走。,master,https://uploadstatic.mihoyo.com/ys-obc/2020/07/14/408757/872209760c92be61b44d60fc21d4c6c3_3730439641261161130.png
4331,草飘浮灵,"['摩拉', '浮游干核', '浮游幽核', '浮游晶化核']",投掷草球，汲能阵，陀螺对对碰，死亡爆裂,草,草飘浮灵免疫草元素攻击，建议旅行者使用其他类型元素攻击。,高浓度的草元素孕育而生的魔物，能够飘浮在空中。曾经有因论派的研究员对草飘浮灵的生态特征进行过研究，发现与传说中的「兰那罗」非常相似。他在一番考据后得出结论，所谓兰那罗其实就是草飘浮灵。后来这位研究员成为了籍籍无名的童话作家。高浓度的元素孕育而生的魔物，能够飘浮在空中。总体而言，是性情相对温和，近似史莱姆的小小生灵，但在愤怒的状态下也会爆发。,master,https://uploadstatic.mihoyo.com/ys-obc/2022/08/22/8797197/5a0cd626c6793bf07bcfa07bbbf2446b_2636502498255455118.png
4397,有翼草本真蕈,"['摩拉', '蕈兽孢子', '荧光孢粉', '孢囊晶尘', '失活菌核', '休眠菌核', '茁壮菌核']",挥击，光球射击，俯冲轰炸,草,在遇到火元素或雷元素后，会转化成「枯焦」或「活化」状态，并且在这个状态下能产生特别的素材。,孢子构成的拟态生物，具有强大的环境适应能力。不仅看上去像，连生活习性也模仿了鸟类。可以依靠菌类组织的翅膀飞上天空，将孢子播撒到更远的地方。在蕈兽群落中占有主导地位，显示出其拥有着更高的智能。言以蔽之的话，就是过度成长，过度进化的孢子。据说蕈兽的广布来自实验事故。最初须弥的贤人骐骥将孢子一些特性运用在救死扶伤上。若果真如此，此人显然低估了孢子的环境适应力与传播能力。,master,https://uploadstatic.mihoyo.com/ys-obc/2022/08/20/8797197/f619c2a254f827f23e9b9b13c1a69517_4945053702126238610.png
4402,浮游草蕈兽,"['摩拉', '蕈兽孢子', '荧光孢粉', '孢囊晶尘', '失活菌核', '休眠菌核', '茁壮菌核']",头槌，投掷草球,草,无害的小可爱！真的要打吗？在遇到火元素或雷元素后，会转化成「枯焦」或「活化」状态，并且在这个状态下能产生特别的素材。,拥有一定智能的孢子生物。具有强大的环境适应能力。曾经有学者撰文宣称它们是草飘浮灵的一种。在受到批驳后，他便改口说这是一种诗性的「修辞」。言以蔽之的话，就是过度成长、过度进化的孢子。据说蕈兽的广布来自实验事故。最初须弥的贤人骐骥将孢子一些特性运用在救死扶伤上。若果真如此，此人显然低估了孢子的环境适应力与传播能力。,master,https://uploadstatic.mihoyo.com/ys-obc/2022/08/16/8797197/86d2c4c10b7feb932d0745a66406c500_8234528547247469329.png
4406,翠翎恐蕈,"['角色经验', '冒险阅历', '摩拉', '好感经验', '蕈王钩喙', '生长碧翡碎屑', '生长碧翡断片', '生长碧翡块', '生长碧翡', '战狂', '教官', '冒险家', '角斗士的终幕礼', '流浪大地的乐团']",啄，大公鸡三式，羽翼飞刃，羽翼双刃，羽翼连舞，燃烧-新生，不稳定孢子云，超激化-啄舞，超激化-践踏，超激化-蓄能,草,暂无,光珠承受雷元素攻击与激化反应时，会积累「活性化」状态；受到火元素攻击，「活性化」则会减少。在「活性化」状态积累满后将进入活化状态。活化状态的翠翎恐蕈会进行更加猛烈的攻击，直到力竭。不处于活化状态时，若翠翎恐蕈因为火元素陷入燃烧状态，则会变得枯焦，会向四周散播孢子，产生蕈兽以摆脱这种状态。经过漫长的岁月，演化出了独特形态的大型蕈兽。智能水平已经接近，甚至超越了真正的动物，会主动捕食猎物以获取养分。尾巴上长有漂亮的翠翎，与素论派尊崇的古代圣兽非常相似。以拟态演化的逻辑来看，想必它们曾经共同行走在大地之上吧。深居林间菌族拥簇之中的蕈兽之王。只要有雨露与肥沃的土地，蕈兽就会生长。只要存在逆境，菌类就会适应。只要存在伸展的空间，孢子就会在天地间散布。假以时日，这种如同高傲鸟兽的蕈兽还能进化成更加伟大的形态吧。,master,https://uploadstatic.mihoyo.com/ys-obc/2022/08/16/8797197/9d7dffe3ef60cae760c16b033d5b31ad_7526125159099981498.png
154,冰深渊法师,"['摩拉', '地脉的旧枝', '地脉的枯叶', '地脉的新芽', '战狂', '教官', '流放者', '游医']",冰锥，落冰，冰锥环绕，护盾恢复,冰,当冰深渊法师发出奸笑时，会在角色位置延迟落下冰锥，该技能共发动3次，需时刻调整自身站位。,驾驭着极寒的冰元素进行战斗的深渊魔物。尽管染指了强大的力量，甚至能将大气中的水蒸气凝结成冰锥，本身却佝偻而孱弱一旦保护自身的护罩被打破，就只能任人鱼肉了。一定程度上能驾驭元素进行战斗的深渊魔物。破开冰深渊法师的护罩后，它会进入萎靡的状态，此刻正是输出的绝好时机，但也切勿大意，少许时间后，冰深渊法师会重新开始咏唱，并在周围召唤一大一小两圈冰锥环绕在身体周围。咏唱结束后会重新生成冰元素护罩。战斗的要领在于使用风，水，火，雷，岩元素快速破开冰元素护罩（使用火属性攻击破盾效果最佳），击中火力输出破盾后的冰深渊法师，当开始咏唱时，使用带有爆炸效果的元素反应将其打断。,master,https://uploadstatic.mihoyo.com/ys-obc/2020/03/20/408757/04ddf58caec8da136ee2ad50c3064273_6019163944470452413.png
963,冰箭丘丘人,"['摩拉', '牢固的箭簇', '锐利的箭簇', '历战的箭簇', '破损的面具', '污秽的面具', '不祥的面具']",暂无,冰,暂无,提瓦特荒野中游荡的原始住民。发现了冰史莱姆的妙用，可以高效地保鲜食物。丘丘人有着活用各种史莱姆的智慧无论是将火史莱姆、冰史莱姆制成炸药桶，还是用风史莱姆制作载具...可能这就是艰难生活带来的思维方式吧。操作弩进行远程攻击的丘丘人。丘丘人的智能水平连学会弩机的操控方式都有困难，遑论生产这种需要精密加工的设备了。由此，或许可以认为，看似漫无目的地散布在大陆各处的丘丘人背后，或许有着为它们提供装备与训练的组织......攻略方式与一般的丘丘人射手没有差别，注意其配合水丘丘萨满可以轻易的冻结攻击对象，经常给疏忽大意的旅行者造成不小的困扰。,master,https://uploadstatic.mihoyo.com/ys-obc/2020/07/09/408757/142e1f38d4fdb13e44497655b4257807_7832855110188529392.png
985,盗宝团·冰之药剂师,"['摩拉', '寻宝鸦印', '藏银鸦印', '攫金鸦印']",暂无,冰,使用远程攻击手段袭击旅行者，威胁程度约等于冰史莱姆···,足迹遍布大陆各处，甚至深入未知秘境的松散盗贼组织中的一员。冰之药剂师在盗宝团当中相当受欢迎，因为他们调配的冰之灵药有快速降温的作用即使是在没有冰雾花的野外，也可以制作冰镇酒类饮料。足迹遍布大陆各处，甚至深入未知秘境的松散盗贼组织。虽然主要的活动是收集宝藏，但也会出手撵走倒霉的目击者。据说创始人雷德·米勒将盗宝团定义为「互助协调组织」...?,master,https://uploadstatic.mihoyo.com/ys-obc/2020/07/14/408757/f21e2cb8fa35968e0fc293b567d6cdca_973235475247613387.png
1095,急冻树,"['冒险阅历', '摩拉', '好感经验', '角色经验', '哀叙冰玉碎屑', '哀叙冰玉断片', '哀叙冰玉块', '哀叙冰玉', '极寒之核', '战狂', '流放者', '幸运儿', '祭冰礼冠', '角斗士的终幕礼', '流浪大地的乐团']",暂无,冰,暂无,会利用怒放花朵的外形欺瞒猎物的掠食性植物，形似藤蔓的茎干十分坚硬。在根部似乎生长着类似冰元素核心的某种器官，或许是战胜它的关键也说不定...急冻树的攻略解析与应对建议,master,https://uploadstatic.mihoyo.com/ys-obc/2020/09/18/8797197/f1757263befdfea04777bc2dcaed263a_5538289520115930207.png
1099,冰霜骗骗花,"['摩拉', '骗骗花蜜', '微光花蜜', '原素花蜜']",暂无,冰,野外遭遇骗骗花可以进入水中，骗骗花会跟入水中达到秒杀的效果,冰元素蓄力：骗骗花在三个冰元素之种全部消耗后，钻入地下一段时间后钻出，重新获得三个冰元素之种蓄力连续投射：骗骗花消耗一枚冰元素之种，获得冰元素护盾，并开始蓄力。需要在蓄力完成前破盾，未及时破盾骗骗花会以极高的频率释放的冰弹，此时应拉开与骗骗花的距离并保持移动来规避伤害神出鬼没的拟态植物魔物，会利用冰元素战斗。有时会隐藏在地表下，捕猎浑然不觉的猎物。如果有足够的年月、养分与环境，或许能扎根某处，长成巨大的急冻树...古灵精怪的拟态植物魔物，会用元素战斗。有时会隐藏在地表下，捕猎浑然不觉的猎物。如果有足够的年月、养分与环境，或许能扎根某处，长成巨大的、摇曳着喷吐魔力的树...,master,https://uploadstatic.mihoyo.com/ys-obc/2020/09/20/8797197/d83a5f9f604f2897a5f115688ecbeeb6_3425400945884329282.png
1103,愚人众先遣队·冰铳重卫士,"['摩拉', '新兵的徽记', '士官的徽记', '尉官的徽记']",暂无,冰,暂无,利用喷射冰元素的铁铳战斗的愚人众士兵，能进入某种元素增幅状态。这种状态最大的弱点，恐怕是某种能与冰发生反应的元素之一...愚人众战争机器中的士兵。配备着能在一定程度上制御元素的装备，可以利用铳形的武器喷射急冻的寒霜。虽然拥有常人不能企及的元素力量，但这种力量或许也是有其代价的吧··愚人众战争机器中的士兵。「先遣队」之名意味着生死不问，深入祖国以外的土地完成前期任务，为未来的某些行动夯实基础。不同于少数精锐的债务处理人与萤术士，先遣队的单兵实力与装备较为薄弱。为了完成任务，为了减少人员与物资的损耗，先遣队的战术更讲究团队协作。,master,https://uploadstatic.mihoyo.com/ys-obc/2020/09/20/8797197/575f6122f225933834326c30a43d8da3_1808713725351737054.png
1365,冰丘丘萨满,"['摩拉', '异能绘卷', '封魔绘卷', '禁咒绘卷', '破损的面具', '污秽的面具', '不祥的面具']",暂无,冰,使用火元素能快速破除冰柱,嘟嘟囔囔的老年丘丘人，冰元素的呼求者。在元素掌控方面颇富天资的丘丘人，其能力往往会在年老时达到顶峰。这些萨满熟忆寒霜的低语，更精通将之用于制敌的技艺。丘丘人当中的萨满祭司。能在一定程度上求得元素的帮助。「面具的造型设计有着恫吓敌人的意味，但反而让它们看起来有些亲切。」——雅各布·马斯克,master,https://uploadstatic.mihoyo.com/ys-obc/2020/12/02/8797197/8348bc50284c51b0ee3d65e7282192c4_1978612948925626153.png
1366,冰盾丘丘暴徒,"['摩拉', '沉重号角', '黑铜号角', '黑晶号角', '破损的面具', '污秽的面具', '不祥的面具', '战狂', '教官', '流放者', '游医']",暂无,冰,暂无,利用冰元素构成的盾牌保护自己的丘丘暴徒。在极寒环境下，冰盾会恢复。利用火元素等能与冰盾反应的元素攻击；一鼓作气地粉碎它的防御吧！以严冰为盾的丘丘人大块头，会利用坚冰的巨盾战斗。普遍而言，体积庞大、活动频繁的生物需要消耗大量的热量来维持生存。由此，当代的艾尔·马斯克提出了「暴徒指数」，根据某地区中活动的丘丘暴徒数量在丘丘人总人口中占的比例，计算这些丘丘人食物获取的丰富、稳定性。丘丘人的部落当中，百里挑一的强壮勇士。对于丘丘人而言，最重要的事情就是吃肉和打架，让身体变得强壮。如果能成为丘丘暴徒这样又大又壮的战士，就能吃更多肉、打更多架了。,master,https://uploadstatic.mihoyo.com/ys-obc/2020/12/02/8797197/05d6b0d10c5757cb594ef3cfbae0f3c3_3167373489253360924.png
1367,冰盾丘丘人,"['摩拉', '破损的面具', '污秽的面具', '不祥的面具']",暂无,冰,使用火元素可快速破除冰盾,提瓦特荒野中游荡的原始住民。丘丘人有着强大的环境适应性的证明。在冰元素富集的环境中，能设法利用坚冰制成盾牌保护自己。遍布大陆，有着最基础文明形态的人形魔物。如今，大部分人已经放弃了与丘丘人沟通的尝试，认为它们只是纯粹的、不通言语的魔物。,master,https://uploadstatic.mihoyo.com/ys-obc/2020/12/02/8797197/3e8c5e4cc89b1a2cc5a64660dbb1b2fd_8932734940042650816.png
1368,冰弹丘丘人,"['摩拉', '破损的面具', '污秽的面具', '不祥的面具']",暂无,冰,可在其前摇动作时进行打断，不建议使用近战去打断。可以合理利用自身创造物来阻挡或吸引仇恨。,投掷冰史莱姆惊扰后会从地下挖出非常小的冰史莱姆抱在手上，瞄准敌人后抛出冰史莱姆，当冰史莱姆命中任何物体时都会爆炸。成群出没时需要特别当心队伍中冰弹丘丘人发起的攻击。在手中没有冰史莱姆时，对靠近的敌人也会使用挥拳攻击。提瓦特荒野中游荡的原始住民。发现了冰史莱姆的妙用，可以高效地保鲜食物。丘丘人有着活用各种史莱姆的智慧，无论是将火史莱姆、冰史莱姆制成炸药桶，还是用风史莱姆制作载具...可能这就是艰难生活带来的思维方式吧。遍布大陆，有着最基础文明形态的人形魔物。如今，大部分人已经放弃了与丘丘人沟通的尝试，认为它们只是纯粹的、不通言语的魔物。,master,https://uploadstatic.mihoyo.com/ys-obc/2020/12/02/8797197/bffd3e4049faa33ede89b10d38723e08_6433478007110141014.png
1369,愚人众·冰萤术士,"['摩拉', '雾虚花粉', '雾虚草囊', '雾虚灯芯', '新兵的徽记', '士官的徽记', '尉官的徽记', '战狂', '教官', '流放者', '游医']",暂无,冰,要破盾先杀萤！,操控着冰萤进行战斗，由来与面具下的容貌都是谜的愚人众少女术士。没有神之眼的人类，理应是无法像她们这样自如地操控元素的;但她们却利用雾虚草操控冰萤之余，肆无忌惮地挥霍着寒冰的力量。看似漫无目的地四处游荡的她们，又领受着何种不为人知的使命呢...操控着飞萤进行战斗的愚人众少女术士。正如雾虚草的气味会令飞萤迷醉，嗜虐的术士也贪恋着戏弄对手的快感。看似漫无目的地四处游荡的她们，又领受着何种不为人知的使命呢...,master,https://uploadstatic.mihoyo.com/ys-obc/2020/12/02/8797197/561b859098a63ebd3fd97c682fee3123_4564428696494556285.png
1370,冰萤,['摩拉'],暂无,冰,当冰萤使用冰球攻击时，旅行者需注意冰球的轨迹，提前进行闪避。由于冰萤的攻击为冰属性攻击，旅行者需注意保持自身不要有水元素附着，以免被冻结。冰萤非常灵活，经常会脱离近战角色的攻击范围，因此建议旅行者使用法器类角色，或者具有AOE能力的角色进行攻略。能够稍微导引冰元素的小型生物。,与其他的萤族生物通称【飞萤】。尽管力量非常弱小，但也因为力量弱小，所以进化出了奇特的移动方式，以避开掠食者的攻击。,master,https://uploadstatic.mihoyo.com/ys-obc/2021/02/06/4521515/5f535d4d7fbf97c485ad1607e47bdec8_7982508506948386439.png
1371,丘丘霜铠王,"['摩拉', '沉重号角', '黑铜号角', '黑晶号角', '破损的面具', '污秽的面具', '不祥的面具', '战狂', '教官', '流放者', '游医']",挥击，挥击重锤， 冲锋，坠击，投掷冰史莱姆，霜铠，霜铠·挥击，霜铠·挥击重锤，霜铠·砸地，霜铠·二连砸地，霜铠·冲刺，霜铠·坠击，霜铠·组合技，霜铠·投掷大型冰史莱姆,冰,暂无,雪雾中漫行的神秘[王者」。被同胞称为「Lawa」的庞大丘丘人。锻炼至极致的肉身似乎已和环境中满溢的冰元素相互融合，沉默威严有如北国的冰川。体内积聚了大量的元素，发生了变异的丘丘暴徒。更大、更壮、更凶悍。丘丘人的文明中没有神，也没有秩序。只要够强壮，打架够狠，就能成为它们的王者。,master,https://uploadstatic.mihoyo.com/ys-obc/2020/12/02/8797197/4b861742006190542305e4d72bed4680_5977336055339937404.png
1986,无相之冰·塔勒特,"['冒险阅历', '摩拉', '好感经验', '角色经验', '哀叙冰玉碎屑', '哀叙冰玉断片', '哀叙冰玉块', '哀叙冰玉', '晶凝之华', '战狂', '流放者', '幸运儿', '祭冰之人', '角斗士的终幕礼', '流浪大地的乐团']",冰刺三重奏，冰轮圆舞曲，冰幕追踪弹，冰墙拍打，极寒突刺阵，「霜之实，怯懦追踪弹,冰,暂无,利用惰性的方壳保护自己，抓住元素核心暴露在外的时机，才能有效攻击。在危机时，会进入具有护罩保护的再生模式，恢复生命并发射「霜之实」攻击敌人。利用重击将「霜之实」击向无相之冰，可以快速打破再生模式，使其进入虚弱状态。代号「塔勒特」的高级冰元素生命。根据研究，无相元素与常规的元素生物在物质构成上有着细微的差别。而这些细微的成分差别，或许就是他们高度稳定的形态与机械般的行动方式的由来吧。,master,https://uploadstatic.mihoyo.com/ys-obc/2021/04/28/4521515/672ba998811cf6c95826bd77e45419d7_4971396391279921582.png
3400,深海龙蜥·啮冰,"['摩拉', '脆弱的骨片', '结实的骨片', '石化的骨片', '战狂', '教官', '流放者', '游医']",吐息，甩尾，冰弹，突进,冰,建议旅行者时刻注意角色的当前能量，在角色能量充足时，龙蜥的技能攻击伤害并不高；但吐息攻击会降低角色的能量，在低能量或空能量状态下，龙蜥的攻击伤害将会变得非常可观。,生活在海渊之下的龙蜥。因为社会分工，而出现了冰元素的形态。人类的到来引发了对抗，深海龙蜥开始了进化。正如蚂蚁会因性别和分工不同，而产生不同形态。这些龙蜥比起普通深海龙蜥更加强大。,master,https://uploadstatic.mihoyo.com/ys-obc/2022/01/04/4521515/033a0d37770eaaed93e7045af6800927_9155531751039854373.png
3614,黯色空壳·近卫,"['摩拉', '晦暗刻像', '夤夜刻像', '幽邃刻像', '战狂', '教官', '流放者', '游医']",蓄力射击，穿云箭，架盾,冰,暂无,谜样的漆黑弓手。它的攻击在命中处于护盾庇护下的角色后，会在一定时间内变换武器的形姿，展开抵御伤害的坚盾，并以生命值为代价，在此期间获得攻击力提升。黯色空壳·近卫通过这种方式获得的攻击力提升能够叠加多次。神秘的漆黑士兵。从行动来看或许只是一具空壳而已吧。但它手中的武器又更像是为了守护，而非厮杀设计的。,master,https://uploadstatic.mihoyo.com/ys-obc/2022/02/17/8797197/3495e00f95d12ff95f629a8d5542775a_7848343840967392822.png
4391,镀金旅团·炽阳凝冰,"['摩拉', '褪色红绸', '镶边红绸', '织金红绸']",横扫，连砍，魔·全范围横扫，魔·全范围横扫，魔·回旋双刃，魔·切割回旋,冰,暂无,来自沙漠的松散佣兵团体中的灵敏战士。在承受一定伤害后，会解放封印在武器中的厄灵，进入魔化状态，大幅提升战斗能力。魔化状态结束后会陷入一定时间的虚弱状态。来自黄金一般的沙漠，是松散佣兵团体中的一员。为了报酬，愿意为任何人效力。对职责与任务之外的一切事宜漠不关心的职业佣兵。将完成委托作为唯一的行动纲领，在佣兵市场上的要价也是最高的。使用的武器中封印着残破的厄灵，会在危急时苏醒。只有战败者的哀嚎才能平息其忿怒——不论败者是武器的主人，抑或是敌人。来自黄金一般的沙漠的松散佣兵团体。为了报酬，愿意为任何人效力。「镀金旅团」是沙之民以外的人对他们的统称，其中有着诸如「法罗赫之子」这样的佣兵团体，也有「塔尼特」这样的部族。作为没有神的民族，多数的「镀金旅团」成员只会为了生计与雇主施展沙漠遗民的武艺。,master,https://uploadstatic.mihoyo.com/ys-obc/2022/08/22/8797197/84116128e6000fe181afc10f8e05f115_182272505565548306.png
4396,有翼冰本真蕈,"['摩拉', '蕈兽孢子', '荧光孢粉 ', '孢囊晶尘', '失活菌核', '休眠菌核', '茁壮菌核']",翅膀攻击，螺旋冲锋，俯冲轰烈撞,冰,在遇到火元素或雷元素后，会转化成「枯焦」或「活化」状态，并且在这个状态下能产生特别的素材。,孢子构成的拟态生物，具有强大的环境适应能力。不仅看上去像，连生活习性也模仿了鸟类飞舞的时候会散落出轻盈的冰花，这些冰晶的晶核其实也是孢子。在蕈兽群落中占有主导地位，显示出其拥有着更高的智能。言以蔽之的话，就是过度成长、过度进化的孢子。据说蕈兽的广布来自实验事故。最初须弥的贤人骐骥将孢子一些特性运用在救死扶伤上。若果真如此，此人显然低估了孢子的环境适应力与传播能力。,master,https://uploadstatic.mihoyo.com/ys-obc/2022/08/20/8797197/6823744637ffaeb224feb38753acd07b_7536174875410428302.png
4403,旋转冰蕈兽,"['摩拉', '蕈兽孢子', '荧光孢粉', '孢囊晶尘', '失活菌核', '休眠菌核', '茁壮菌核']",头槌，蕈兽流·蕈步,冰,无害的小可爱！真的要打吗？在遇到火元素或雷元素后，会转化成「枯焦」或「活化」状态，并且在这个状态下能产生特别的素材。,拥有一定智能的孢子生物。具有强大的环境适应能力。经过冰镇之后的蕈兽也不会变得更好吃，不过倒也因此有着消暑的功效。言以蔽之的话，就是过度成长、过度进化的孢子。据说蕈兽的广布来自实验事故。最初须弥的贤人骐骥将孢子一些特性运用在救死扶伤上。若果真如此，此人显然低估了孢子的环境适应力与传播能力。,master,https://uploadstatic.mihoyo.com/ys-obc/2022/08/16/8797197/df9fa6d34266e7e2afe5437a0f2edbac_2156728720610227963.png
