mhy_id,name,getting,introduction,using,icon,label
795,凛风奔狼的始龀,【塞西莉亚苗圃（周二/五/日）】炼武秘境：深没之谷Ⅰ/Ⅱ/Ⅲ/Ⅳ玛乔丽【纪念品商店】兑换,暂无,【炼金】凛风奔狼的裂齿,https://uploadstatic.mihoyo.com/ys-obc/2020/07/01/80410800/d3329a711645d943ba518a1c9b06d13b_978120153363150865.png,material
796,凛风奔狼的裂齿,【塞西莉亚苗圃（周二/五/日）】炼武秘境：深没之谷Ⅱ/Ⅲ/Ⅳ合成获得,暂无,【炼金】凛风奔狼的断牙。合成武器突破素材时，有25%概率返还部分合成材料。合成武器突破素材时，有10%概率获得2倍产出。,https://uploadstatic.mihoyo.com/ys-obc/2021/08/22/6381993/451b6018f62f60061aa9f10bbad8871d_2777826801129239192.png,material
797,凛风奔狼的断牙,【塞西莉亚苗圃（周二/五/日）】炼武秘境：深没之谷Ⅲ/Ⅳ合成获得,暂无,【炼金】凛风奔狼的怀乡。合成武器突破素材时，有25%概率返还部分合成材料。合成武器突破素材时，有10%概率获得2倍产出。,https://uploadstatic.mihoyo.com/ys-obc/2021/08/22/6381993/3acd470d56eb8ebd1097f1a86c840c3f_3482792011308404993.png,material
798,凛风奔狼的怀乡,【塞西莉亚苗圃（周二/五/日）】炼武秘境：深没之谷Ⅳ合成获得,暂无,合成武器突破素材时，有25%概率返还部分合成材料。合成武器突破素材时，有10%概率获得2倍产出。,https://uploadstatic.mihoyo.com/ys-obc/2021/08/22/6381993/ed6eb531c6f385d6133b0c30b4f47ce2_6225207976407893285.png,material
799,狮牙斗士的枷锁,【塞西莉亚苗圃（周三/六/日）】炼武秘境：渴水的废都Ⅰ/Ⅱ/Ⅲ/Ⅳ玛乔丽【纪念品商店】兑换,暂无,【炼金】狮牙斗士的铁链,https://uploadstatic.mihoyo.com/ys-obc/2020/07/01/80410800/6d470c1b5ee18858ccdba71d5080362f_2953572502965542317.png,material
800,狮牙斗士的铁链,【塞西莉亚苗圃（周三/六/日）】炼武秘境：渴水的废都Ⅱ/Ⅲ/Ⅳ炼金合成,暂无,【炼金】狮牙斗士的镣铐。合成武器突破素材时，有25%概率返还部分合成材料。合成武器突破素材时，有10%概率获得2倍产出。,https://uploadstatic.mihoyo.com/ys-obc/2021/08/22/6381993/6ad72ef6621e581601eca9074c253a70_2477688830205100862.png,material
801,狮牙斗士的镣铐,【塞西莉亚苗圃（周三/六/日）】炼武秘境：渴水的废都Ⅲ/Ⅳ炼金合成,暂无,【炼金】狮牙斗士的理想。合成武器突破素材时，有25%概率返还部分合成材料。合成武器突破素材时，有10%概率获得2倍产出。,https://uploadstatic.mihoyo.com/ys-obc/2021/08/22/6381993/4adc3d4afd68f542e98f0c3bf7efeac5_8365278384644233379.png,material
802,狮牙斗士的理想,【塞西莉亚苗圃（周三/六/日）】炼武秘境：渴水的废都Ⅳ炼金合成,她是发自真心这么希望着的：愿这个世界变得更加坚强一些。,合成武器突破素材时，有25%概率返还部分合成材料。合成武器突破素材时，有10%概率获得2倍产出。,https://uploadstatic.mihoyo.com/ys-obc/2021/08/22/6381993/a71e216aaa6297056e887e583c6df932_602783919022092895.png,material
803,高塔孤王的破瓦,【塞西莉亚苗圃（周一/四/日）】炼武秘境：水光之城Ⅰ/Ⅱ/Ⅲ/Ⅳ玛乔丽【纪念品商店】兑换,暂无,【炼金】高塔孤王的残垣,https://uploadstatic.mihoyo.com/ys-obc/2021/08/22/6381993/4bce8cc8c5e838d034aefff36b610de8_6083960301116093023.png,material
804,高塔孤王的残垣,【塞西莉亚苗圃（周一/四/日）】炼武秘境：水光之城Ⅱ/Ⅲ/Ⅳ炼金合成,暂无,【炼金】高塔孤王的断片。合成武器突破素材时，有25%概率返还部分合成材料。合成武器突破素材时，有10%概率获得2倍产出。,https://uploadstatic.mihoyo.com/ys-obc/2021/08/22/6381993/71f29b74fb8d894262a0e843bc9436d4_2070400447854912199.png,material
805,高塔孤王的断片,【塞西莉亚苗圃（周一/四/日）】炼武秘境：水光之城Ⅲ/Ⅳ炼金合成,暂无,【炼金】高塔孤王的碎梦。合成武器突破素材时，有25%概率返还部分合成材料。合成武器突破素材时，有10%概率获得2倍产出。,https://uploadstatic.mihoyo.com/ys-obc/2021/08/22/6381993/7617aadaf7720ff3666b57d93bfe2361_7241511255549589517.png,material
806,高塔孤王的碎梦,【塞西莉亚苗圃（周一/四/日）】炼武秘境：水光之城Ⅳ炼金合成,暂无,合成武器突破素材时，有25%概率返还部分合成材料。合成武器突破素材时，有10%概率获得2倍产出。,https://uploadstatic.mihoyo.com/ys-obc/2021/08/22/6381993/4c7f5f2d68758f598cdf8bebc3de7c25_1938045084620419994.png,material
807,雾海云间的铅丹,【震雷连山密宫（周二/五/日）】炼武秘境：鸣雷城墟Ⅰ/Ⅱ/Ⅲ/Ⅳ星稀【纪念品商店】兑换,暂无,【炼金】雾海云间的汞丹,https://uploadstatic.mihoyo.com/ys-obc/2020/07/01/80410800/2f87dc695a93b230f81b58fe7d10b9a2_8300674709063288302.png,material
808,雾海云间的汞丹,【震雷连山密宫（周二/五/日）】炼武秘境：鸣雷城墟Ⅱ/Ⅲ/Ⅳ炼金合成,暂无,【炼金】雾海云间的金丹。合成武器突破素材时，有25%概率返还部分合成材料。合成武器突破素材时，有10%概率获得2倍产出。,https://uploadstatic.mihoyo.com/ys-obc/2021/08/22/6381993/e573023ff97a249e1be14dd202f7b198_1162819843933233579.png,material
809,雾海云间的金丹,【震雷连山密宫（周二/五/日）】炼武秘境：鸣雷城墟Ⅲ/Ⅳ炼金合成,暂无,【炼金】雾海云间的转还。合成武器突破素材时，有25%概率返还部分合成材料。合成武器突破素材时，有10%概率获得2倍产出。,https://uploadstatic.mihoyo.com/ys-obc/2021/08/22/6381993/4658c53699a66b3ad716d61cc0fb4e5c_7994225703126865020.png,material
810,雾海云间的转还,【震雷连山密宫（周二/五/日）】炼武秘境：鸣雷城墟Ⅳ炼金合成,暂无,合成武器突破素材时，有25%概率返还部分合成材料。合成武器突破素材时，有10%概率获得2倍产出。,https://uploadstatic.mihoyo.com/ys-obc/2021/08/22/6381993/36f61a67d9edcb783ded72744e5a0e8d_1717976347652230886.png,material
811,孤云寒林的光砂,【震雷连山密宫（周一/四/日）】炼武秘境：雷云祭坛Ⅰ/Ⅱ/Ⅲ/Ⅳ星稀【纪念品商店】兑换,暂无,【炼金】孤云寒林的辉岩,https://uploadstatic.mihoyo.com/ys-obc/2020/07/01/80410800/4201ab7143d55289fd1886ba26f77a2a_6975849124848265348.png,material
812,孤云寒林的辉岩,【震雷连山密宫（周一/四/日）】炼武秘境：雷云祭坛Ⅱ/Ⅲ/Ⅳ炼金合成,暂无,【炼金】孤云寒林的圣骸。合成武器突破素材时，有25%概率返还部分合成材料。合成武器突破素材时，有10%概率获得2倍产出。,https://uploadstatic.mihoyo.com/ys-obc/2020/07/01/80410800/15672798bec3a90c82c4dd7b00ce6640_1082992205921294752.png,material
813,孤云寒林的圣骸,【震雷连山密宫（周一/四/日）】炼武秘境：雷云祭坛Ⅲ/Ⅳ炼金合成,暂无,【炼金】孤云寒林的神体。合成武器突破素材时，有25%概率返还部分合成材料。合成武器突破素材时，有10%概率获得2倍产出。,https://uploadstatic.mihoyo.com/ys-obc/2021/08/22/6381993/ec0e037d00df7c07f041fa823a62a086_602013922185793455.png,material
814,孤云寒林的神体,【震雷连山密宫（周一/四/日）】炼武秘境：雷云祭坛Ⅳ炼金合成,暂无,合成武器突破素材时，有25%概率返还部分合成材料。合成武器突破素材时，有10%概率获得2倍产出。,https://uploadstatic.mihoyo.com/ys-obc/2021/08/22/6381993/a86fb2d5384fce5d96e7abbaca63e885_1957888893081972562.png,material
815,漆黑陨铁的一粒,【震雷连山密宫（周三/六/日）】炼武秘境：古雷试炼场Ⅰ/Ⅱ/Ⅲ/Ⅳ星稀【纪念品商店】兑换,暂无,【炼金】漆黑陨铁的一片,https://uploadstatic.mihoyo.com/ys-obc/2020/07/01/80410800/7f0f21c0d2e223f879dfd8587a9363a8_4737320480455790551.png,material
816,漆黑陨铁的一片,【震雷连山密宫（周三/六/日）】炼武秘境：古雷试炼场Ⅱ/Ⅲ/Ⅳ炼金合成,暂无,【炼金】漆黑陨铁的一角。合成武器突破素材时，有25%概率返还部分合成材料。合成武器突破素材时，有10%概率获得2倍产出。,https://uploadstatic.mihoyo.com/ys-obc/2020/07/01/80410800/db0dfd84e7aa2dd9f2b331e19d6e2072_1555753695015709182.png,material
817,漆黑陨铁的一角,【震雷连山密宫（周三/六/日）】炼武秘境：古雷试炼场Ⅲ/Ⅳ炼金合成,暂无,【炼金】漆黑陨铁的一块。合成武器突破素材时，有25%概率返还部分合成材料。合成武器突破素材时，有10%概率获得2倍产出。,https://uploadstatic.mihoyo.com/ys-obc/2020/07/01/80410800/d8428bc5e3f70cff8a310b2ddee18887_4612042175026815045.png,material
818,漆黑陨铁的一块,【震雷连山密宫（周三/六/日）】炼武秘境：古雷试炼场Ⅳ炼金合成,暂无,合成武器突破素材时，有25%概率返还部分合成材料。合成武器突破素材时，有10%概率获得2倍产出。,https://uploadstatic.mihoyo.com/ys-obc/2021/08/22/6381993/0f52ddaaa4cb5b199ac18c6ede6488df_4087850740504825348.png,material
819,「自由」的教导,【忘却之峡（周一/四/日）】精通秘境：霜凝祭坛Ⅰ/Ⅱ/Ⅲ/Ⅳ,自由其一，是生存的自由，即是能健全、健康地生活，而不必担心朝不保夕的自由。,【炼金】「自由」的指引（风天赋/岩天赋1）,https://uploadstatic.mihoyo.com/ys-obc/2020/07/01/80410800/2d1960fe2ce77189e18014b52982630a_2854270570499212202.png,material
820,「自由」的指引,【忘却之峡（周一/四/日）】精通秘境：霜凝祭坛Ⅱ/Ⅲ/Ⅳ炼金合成,自由其二，是漫游的自由，即是能在苍翠的土地上自由地通行，而不受阻挠的自由。,【炼金】「自由」的哲学（风天赋/岩天赋1）合成角色天赋素材时，有10%概率获得2倍产出。合成角色天赋素材时，有25%概率返还部分合成材料。,https://uploadstatic.mihoyo.com/ys-obc/2020/07/01/80410800/1145c4b5ac9012f7a30f0b7e480e5b95_3312028965203811771.png,material
821,「自由」的哲学,【忘却之峡（周一/四/日）】精通秘境：霜凝祭坛Ⅳ炼金合成,自由其三，是歌唱的自由，即是能在风之神塑造的美好土地上歌唱，让自己的心与歌一同随风而去的自由。,（风天赋/岩天赋1）合成角色天赋素材时，有10%概率获得2倍产出。合成角色天赋素材时，有25%概率返还部分合成材料。,https://uploadstatic.mihoyo.com/ys-obc/2020/07/01/80410800/127e8ff10e65542d119a1b895e091b46_8324184099114143317.png,material
822,「抗争」的教导,【忘却之峡（周二/五/日）】精通秘境：冰封废渊Ⅰ/Ⅱ/Ⅲ/Ⅳ,蒙德的历史即是抗争的历史。抗争是为了蒙德过去的一切抗争不被遗忘，如同草木突破土壤，如同恒风洞穿石墙。,【炼金】「抗争」的指引,https://uploadstatic.mihoyo.com/ys-obc/2020/07/01/80410800/30c780cb1af69170501658bf2563a95d_3648785555912655224.png,material
823,「抗争」的指引,【忘却之峡（周二/五/日）】精通秘境：冰封废渊Ⅱ/Ⅲ/Ⅳ炼金合成,蒙德的历史即是抗争的历史。抗争是为了蒙德现在的人们能够拥有自由，正如风之神吹散冰雪，正如温妮莎奋起抗争。,【炼金】「抗争」的哲学（岩天赋1/风天赋）合成角色天赋素材时，有25%概率返还部分合成材料。合成角色天赋素材时，有10%概率获得2倍产出。,https://uploadstatic.mihoyo.com/ys-obc/2020/07/01/80410800/022b46bfd2a41d7729113adf96d19e7a_8156851395918081382.png,material
824,「抗争」的哲学,【忘却之峡（周二/五/日）】精通秘境：冰封废渊Ⅳ炼金合成,蒙德的历史即是抗争的历史。抗争是为了蒙德未来的诗文，也能自由地随着眷顾的风，传到远方。,（风天赋/岩天赋1）合成角色天赋素材时，有25%概率返还部分合成材料。合成角色天赋素材时，有10%概率获得2倍产出。,https://uploadstatic.mihoyo.com/ys-obc/2020/07/01/80410800/fc803239634f9035664b818f08e42f08_6255025949454286240.png,material
825,「诗文」的教导,【忘却之峡（周三/六/日）】精通秘境：沉睡之国Ⅰ/Ⅱ/Ⅲ/Ⅳ,诗文是美好的心意。在美好的日子里，吹拂原野的风中飘扬着田园诗、情诗，如和风拨动草叶般拨动人们的心。,【炼金】「诗文」的指引,https://uploadstatic.mihoyo.com/ys-obc/2020/07/01/80410800/7c4cad50ea9d8efbb5cdcca9c110e290_2855138637490528691.png,material
826,「诗文」的指引,【忘却之峡（周三/六/日）】精通秘境：沉睡之国Ⅱ/Ⅲ/Ⅳ炼金合成,诗文是激励的心意。在黯淡的日子里，穿过巷道的风中低语着愤怒的诗文，如同战鼓，如同风暴前的低鸣。,【炼金】「诗文」的哲学（风天赋/岩天赋1）合成角色天赋素材时，有10%概率获得2倍产出。合成角色天赋素材时，有25%概率返还部分合成材料,https://uploadstatic.mihoyo.com/ys-obc/2020/07/01/80410800/7b726840ef48b8c43f702dafd02d3fd1_3828380004763806354.png,material
828,「诗文」的哲学,【忘却之峡（周三/六/日）】精通秘境：沉睡之国Ⅳ炼金合成,诗文是传颂的心意。即使一切都将逝去，即使一切都将不再，随风而行的诗歌，仍会将此世间一切美好传遍天空、大地与海洋的一切角落。,（风天赋、岩天赋1）合成角色天赋素材时，有10%概率获得2倍产出。合成角色天赋素材时，有25%概率返还部分合成材料,https://uploadstatic.mihoyo.com/ys-obc/2020/07/01/80410800/86fd228ce3aa9b5f4541b34c2ac6c3b4_2768286836747901422.png,material
830,「繁荣」的教导,【太山府（周一/四/日）】精通秘境：炽炎祭场Ⅰ/Ⅱ/Ⅲ/Ⅳ,繁荣是璃月的恩惠，是璃月的神与人共同建立的伟大城市，是璃月的大地安全和平的源泉。,【炼金】「繁荣」的指引（岩天赋2/岩天赋）,https://uploadstatic.mihoyo.com/ys-obc/2020/07/01/80410800/8653105260b2d2e039ef7e2e154f6d6b_3899316388478300433.png,material
831,「繁荣」的指引,【太山府（周一/四/日）】精通秘境：炽炎祭场Ⅱ/Ⅲ/Ⅳ炼金合成,繁荣是璃月对它的子女的许诺：以繁荣回报勤劳者，以黄金照亮这片土地。,【炼金】「繁荣」的哲学（岩天赋2/岩天赋）合成角色天赋素材时，有25%概率返还部分合成材料。合成角色天赋素材时，有10%概率获得2倍产出。,https://uploadstatic.mihoyo.com/ys-obc/2020/07/01/80410800/26f915d93ca74fc9a520f3a1bdc5427f_3255367856372646779.png,material
832,「繁荣」的哲学,【太山府（周一/四/日）】精通秘境：炽炎祭场Ⅳ炼金合成,繁荣是璃月的过去、现在与未来。在此世间一切国度都无法企及的繁荣，均归于璃月，以及璃月的子女。,合成角色天赋素材时，有25%概率返还部分合成材料。合成角色天赋素材时，有10%概率获得2倍产出。,https://uploadstatic.mihoyo.com/ys-obc/2020/07/01/80410800/08fd7ca78f0a3d76943dcabb8c4c984d_4225296401185479449.png,material
833,「勤劳」的教导,【太山府（周二/五/日）】精通秘境：深炎之底Ⅰ/Ⅱ/Ⅲ/Ⅳ,勤劳即为通过人的努力，克服高山与大海，追求繁荣与黄金的勇气与力量。,【炼金】「勤劳」的指引,https://uploadstatic.mihoyo.com/ys-obc/2020/07/01/80410800/12f2a859b67f466b283098b1b018a898_8110279582179675735.png,material
834,「勤劳」的指引,【太山府（周二/五/日）】精通秘境：深炎之底Ⅱ/Ⅲ/Ⅳ炼金合成,勤劳是流传在璃月人血脉中的催化剂，能将岩石化为黄金，是伟大商港之所以为伟大商港的原因。,【炼金】「勤劳」的哲学（岩天赋2/岩天赋）合成角色天赋素材时，有25%概率返还部分合成材料。合成角色天赋素材时，有10%概率获得2倍产出。,https://uploadstatic.mihoyo.com/ys-obc/2020/07/01/80410800/a28104baf04e93246d2fe4fb0e0e90ab_2677734073457321193.png,material
835,「勤劳」的哲学,【太山府（周二/五/日）】精通秘境：深炎之底Ⅳ炼金合成,勤劳即为相信自己，即为相信通过汗水、智慧与力量，在诸神的土地上，人人都可以拥有自己的一席之地。,（岩天赋2/岩天赋）合成角色天赋素材时，有25%概率返还部分合成材料。合成角色天赋素材时，有10%概率获得2倍产出。,https://uploadstatic.mihoyo.com/ys-obc/2020/07/01/80410800/7bcdfc964568483041339346b20ac870_8802895355053984746.png,material
836,「黄金」的教导,【太山府（周三/六/日）】精通秘境：焚尽之环Ⅰ/Ⅱ/Ⅲ/Ⅳ,黄金是流淌在璃月土地深处的血液，是鼓动璃月的心脏有力搏动的肌肉，是让璃月傲然挺立的筋骨。,【炼金】「黄金」的指引,https://uploadstatic.mihoyo.com/ys-obc/2020/07/01/80410800/6e0e2f2510f05497ea118f3aad7b5633_5401334521771576469.png,material
837,「黄金」的指引,【太山府（周三/六/日）】精通秘境：焚尽之环Ⅱ/Ⅲ/Ⅳ炼金合成,黄金意味着转换，这是璃月的岩山、大地、港城与人们的默契。在璃月，勤劳被转换为黄金，而黄金被转换为繁荣。,【炼金】「黄金」的哲学（岩天赋2/岩天赋）合成角色天赋素材时，有25%概率返还部分合成材料。合成角色天赋素材时，有10%概率获得2倍产出。,https://uploadstatic.mihoyo.com/ys-obc/2020/07/01/80410800/ad5f25e5cfa9531092ec9fabaa835852_6094089695281847090.png,material
838,「黄金」的哲学,【太山府（周三/六/日）】精通秘境：焚尽之环Ⅳ炼金合成,黄金是璃月的财富。但璃月真正的财富，是璃月的人们那如黄金般闪耀的心灵。,（岩天赋2/岩天赋）合成角色天赋素材时，有25%概率返还部分合成材料。合成角色天赋素材时，有10%概率获得2倍产出。,https://uploadstatic.mihoyo.com/ys-obc/2020/07/01/80410800/5c31d23006a125fe771fe295a92ea661_8115507080777026141.png,material
839,璀璨原钻碎屑,冒险等阶奖励,暂无,暂无,https://uploadstatic.mihoyo.com/ys-obc/2020/07/01/80410800/98f0da9b189754e72362dab09cc60487_7147191213483796656.png,material
840,璀璨原钻断片,冒险等阶奖励,暂无,暂无,https://uploadstatic.mihoyo.com/ys-obc/2021/08/22/6381993/a3b667277853e2c0f9f4bc930da50604_7355236429925336852.png,material
841,璀璨原钻块,冒险等阶奖励,暂无,暂无,https://uploadstatic.mihoyo.com/ys-obc/2020/07/01/80410800/f7f839e10d22734959f59811546decad_7147308181771594616.png,material
842,璀璨原钻,冒险等阶奖励,暂无,暂无,https://uploadstatic.mihoyo.com/ys-obc/2020/07/01/80410800/9c650a48c97468cf994a9035507ee1a4_9038839902523598045.png,material
853,燃愿玛瑙碎屑,爆炎树、北风的王狼、古岩龙蜥、无相之火亚因、半永恒统辖矩阵挑战奖励【「伏龙树」之底】追忆：摇撼山岳之龙Ⅰ/Ⅱ/Ⅲ/Ⅳ【鸣神岛·天守】追忆：红莲的真剑试合Ⅰ/Ⅱ/Ⅲ/Ⅳ玛乔丽【纪念品商店】、星稀【纪念品商店】兑换用途：角色突破素材,爆炎树、北风的王狼、古岩龙蜥、无相之火亚因、半永恒统辖矩阵挑战奖励【「伏龙树」之底】追忆：摇撼山岳之龙Ⅰ/Ⅱ/Ⅲ/Ⅳ【鸣神岛·天守】追忆：红莲的真剑试合Ⅰ/Ⅱ/Ⅲ/Ⅳ玛乔丽【纪念品商店】、星稀【纪念品商店】兑换,【炼金】燃愿玛瑙断片,https://uploadstatic.mihoyo.com/ys-obc/2020/07/01/80410800/f28118a7af63ddc06f9bf6d4fe2c269b_9096455923637930781.png,material
854,燃愿玛瑙断片,【40级以上】爆炎树、北风的王狼、古岩龙蜥、无相之火、半永恒统辖矩阵挑战奖励【「伏龙树」之底】追忆：摇撼山岳之龙Ⅰ/Ⅱ/Ⅲ/Ⅳ【鸣神岛·天守】追忆：红莲的真剑试合Ⅰ/Ⅱ/Ⅲ/Ⅳ合成获得,暂无,【炼金】燃愿玛瑙块,https://uploadstatic.mihoyo.com/ys-obc/2020/07/01/80410800/615a1c099bb63b1dd994c6fa03286eb7_139347258334047132.png,material
855,燃愿玛瑙块,【60级以上】爆炎树、北风的王狼、古岩龙蜥、无相之火亚因、半永恒统辖矩阵挑战奖励【「伏龙树」之底】追忆：摇撼山岳之龙Ⅰ/Ⅱ/Ⅲ/Ⅳ【鸣神岛·天守】追忆：红莲的真剑试合Ⅰ/Ⅱ/Ⅲ/Ⅳ合成获得,「最后为了梦在劫火中燃尽。」,【炼金】燃愿玛瑙,https://uploadstatic.mihoyo.com/ys-obc/2021/08/22/6381993/8379b8f7746d179d7dc9a0408041d1da_7914601345197629252.png,material
856,燃愿玛瑙,【75级以上】爆炎树、北风的王狼、古岩龙蜥、无相之火亚因、半永恒统辖矩阵挑战奖励【「伏龙树」之底】追忆：摇撼山岳之龙Ⅲ/Ⅳ【鸣神岛·天守】追忆：红莲的真剑试合Ⅲ/Ⅳ合成获得,「最后为了梦在劫火中燃尽。「灰烬中如果留下了最初的心，那他就达成了██的真实。」,暂无,https://uploadstatic.mihoyo.com/ys-obc/2020/07/01/80410800/014d20304434a5e494ab63744541e175_6699910120498551653.png,material
857,哀叙冰玉碎屑,无相之冰塔勒特、急冻树、北风的王狼、古岩龙蜥、魔偶剑鬼、恒常机关阵列、深海龙蜥之群、兆载永劫龙兽挑战奖励【进入「黄金屋」】追忆：黄金与孤影Ⅰ/Ⅱ/Ⅲ/Ⅳ【「伏龙树」之底】追忆：摇撼山岳之龙Ⅰ/Ⅱ/Ⅲ/Ⅳ【鸣神岛·天守】追忆：红莲的真剑试合Ⅰ/Ⅱ/Ⅲ/Ⅳ玛乔丽【纪念品商店】、星稀【纪念品商店】兑换用途：角色突破素材,无相之冰塔勒特、急冻树、北风的王狼、古岩龙蜥、魔偶剑鬼、恒常机关阵列、深海龙蜥之群、兆载永劫龙兽挑战奖励【进入「黄金屋」】追忆：黄金与孤影Ⅰ/Ⅱ/Ⅲ/Ⅳ【「伏龙树」之底】追忆：摇撼山岳之龙Ⅰ/Ⅱ/Ⅲ/Ⅳ【鸣神岛·天守】追忆：红莲的真剑试合Ⅰ/Ⅱ/Ⅲ/Ⅳ玛乔丽【纪念品商店】、星稀【纪念品商店】兑换,【炼金】哀叙冰玉断片,https://uploadstatic.mihoyo.com/ys-obc/2020/07/01/80410800/0a92de5d758106eeee1244a242f35260_6837674332923139510.png,material
858,哀叙冰玉断片,无相之冰塔勒特、急冻树、北风的王狼、古岩龙蜥、魔偶剑鬼、恒常机关阵列、深海龙蜥之群、兆载永劫龙兽挑战奖励【进入「黄金屋」】追忆：黄金与孤影Ⅰ/Ⅱ/Ⅲ/Ⅳ【「伏龙树」之底】追忆：摇撼山岳之龙Ⅰ/Ⅱ/Ⅲ/Ⅳ【鸣神岛·天守】追忆：红莲的真剑试合Ⅰ/Ⅱ/Ⅲ/Ⅳ合成获得,【炼金】哀叙冰玉块,https://uploadstatic.mihoyo.com/ys-obc/2020/07/01/80410800/5e8bc93c3fb60d77b6363292f98cbb84_8442728250190718596.png,material
859,哀叙冰玉块,【60级以上】无相之冰塔勒特、急冻树、北风的王狼、古岩龙蜥、魔偶剑鬼、恒常机关阵列、深海龙蜥之群、兆载永劫龙兽挑战奖励【进入「黄金屋」】追忆：黄金与孤影Ⅰ/Ⅱ/Ⅲ/Ⅳ【「伏龙树」之底】追忆：摇撼山岳之龙Ⅰ/Ⅱ/Ⅲ/Ⅳ【鸣神岛·天守】追忆：红莲的真剑试合Ⅰ/Ⅱ/Ⅲ/Ⅳ合成获得,「让你们一起和我背负了整个世界的哀思。」,【炼金】哀叙冰玉,https://uploadstatic.mihoyo.com/ys-obc/2020/07/01/80410800/ef525d6cf66f77879e62bc012236e85c_4929556989859968422.png,material
860,哀叙冰玉,【75级以上】无相之冰塔勒特、急冻树、北风的王狼、古岩龙蜥、魔偶剑鬼、恒常机关阵列、深海龙蜥之群、兆载永劫龙兽挑战奖励【进入「黄金屋」】追忆：黄金与孤影Ⅲ/Ⅳ【「伏龙树」之底】追忆：摇撼山岳之龙Ⅰ/Ⅱ/Ⅲ/Ⅳ【鸣神岛·天守】追忆：红莲的真剑试合Ⅰ/Ⅱ/Ⅲ/Ⅳ合成获得,「你们既然能忍受我的苦寒，那心中一定都有炽烈的欲望吧？「那么，替我燃烧旧世界吧。」,暂无,https://uploadstatic.mihoyo.com/ys-obc/2020/07/01/80410800/aa59a39530f08fa3193140d42b83d38e_7862658183244704613.png,material
861,坚牢黄玉碎屑,无相之岩基末尔、古岩龙蜥、北风的王狼、恒常机关阵列、黄金王兽挑战奖励【「伏龙树」之底】追忆：摇撼山岳之龙Ⅰ/Ⅱ/Ⅲ/Ⅳ玛乔丽【纪念品商店】、星稀【纪念品商店】兑换用途：角色突破素材,无相之岩基末尔、古岩龙蜥、北风的王狼、恒常机关阵列、黄金王兽挑战奖励【「伏龙树」之底】追忆：摇撼山岳之龙Ⅰ/Ⅱ/Ⅲ/Ⅳ玛乔丽【纪念品商店】、星稀【纪念品商店】兑换,【炼金】坚牢黄玉断片,https://uploadstatic.mihoyo.com/ys-obc/2020/07/01/80410800/36f4aafe51598134284ce568fbe09549_5581591031855309446.png,material
862,坚牢黄玉断片,【40级以上】无相之岩基末尔、古岩龙蜥、北风的王狼、恒常机关阵列、黄金王兽挑战奖励【「伏龙树」之底】追忆：摇撼山岳之龙Ⅰ/Ⅱ/Ⅲ/Ⅳ炼金合成,暂无,【炼金】坚牢黄玉块,https://uploadstatic.mihoyo.com/ys-obc/2020/07/01/80410800/169abdbbb1e79d89131543f944e42e1d_6255025949454286240.png,material
863,坚牢黄玉块,【60级以上】无相之岩基末尔、古岩龙蜥、北风的王狼、恒常机关阵列、黄金王兽挑战奖励【「伏龙树」之底】追忆：摇撼山岳之龙Ⅰ/Ⅱ/Ⅲ/Ⅳ炼金合成,「我在以这样的方式，为人类一切的汗水、智慧和未来做担保。」,【炼金】坚牢黄玉,https://uploadstatic.mihoyo.com/ys-obc/2020/07/01/80410800/34f50cfffa1c4e7ed3bf2a2594010066_5338385757676696792.png,material
864,坚牢黄玉,【75级以上】无相之岩基末尔、古岩龙蜥、北风的王狼、恒常机关阵列、黄金王兽挑战奖励【「伏龙树」之底】追忆：摇撼山岳之龙Ⅲ/Ⅳ炼金合成,「我在以这样的方式，为人类一切的汗水、智慧和未来做担保。「这是我对众生的信任，辜负了它就是玷污了我的血。」,暂无,https://uploadstatic.mihoyo.com/ys-obc/2020/07/01/80410800/d6022056bb2249ab5109f9754f70346e_8329076876407982317.png,material
865,涤净青金碎屑,纯水精灵、古岩龙蜥、无相之水、兆载永劫龙兽挑战奖励【进入「黄金屋」】追忆：黄金与孤影Ⅰ/Ⅱ/Ⅲ/Ⅳ【「伏龙树」之底】追忆：摇撼山岳之龙Ⅰ/Ⅱ/Ⅲ/Ⅳ【深入风龙废墟】追忆：暴风般狂啸之龙Ⅰ/Ⅱ/Ⅲ/Ⅳ/V/VI玛乔丽【纪念品商店】、星稀【纪念品商店】兑换用途：角色突破素材,纯水精灵、古岩龙蜥、无相之水、兆载永劫龙兽挑战奖励【进入「黄金屋」】追忆：黄金与孤影Ⅰ/Ⅱ/Ⅲ/Ⅳ【「伏龙树」之底】追忆：摇撼山岳之龙Ⅰ/Ⅱ/Ⅲ/Ⅳ【深入风龙废墟】追忆：暴风般狂啸之龙Ⅰ/Ⅱ/Ⅲ/Ⅳ/V/VI玛乔丽【纪念品商店】、星稀【纪念品商店】兑换,【炼金】涤净青金断片,https://uploadstatic.mihoyo.com/ys-obc/2020/07/01/80410800/02015dc82333ae199ffad83d37fcb562_1304199948204271151.png,material
866,涤净青金断片,【40级以上】纯水精灵、古岩龙蜥、无相之水、兆载永劫龙兽挑战奖励【进入「黄金屋」】追忆：黄金与孤影Ⅰ/Ⅱ/Ⅲ/Ⅳ【「伏龙树」之底】追忆：摇撼山岳之龙Ⅰ/Ⅱ/Ⅲ/Ⅳ【深入风龙废墟】追忆：暴风般狂啸之龙Ⅰ/Ⅱ/Ⅲ/Ⅳ/V/VI合成获得,暂无,【炼金】涤净青金块,https://uploadstatic.mihoyo.com/ys-obc/2020/07/01/80410800/c386aa328e77353ce8bdcbce861eef9e_7997237978580269301.png,material
867,涤净青金块,【60级以上】纯水精灵、古岩龙蜥、无相之水、兆载永劫龙兽挑战奖励【进入「黄金屋」】追忆：黄金与孤影Ⅰ/Ⅱ/Ⅲ/Ⅳ【「伏龙树」之底】追忆：摇撼山岳之龙Ⅰ/Ⅱ/Ⅲ/Ⅳ【深入风龙废墟】追忆：暴风般狂啸之龙Ⅲ/Ⅳ/V/VI合成获得,「我要纠正你，在这里，人并不对神背负罪孽……」,【炼金】涤净青金,https://uploadstatic.mihoyo.com/ys-obc/2020/07/01/80410800/64866b4caed630dc0e1d58ed66988caf_2636159201559684490.png,material
868,涤净青金,【75级以上】纯水精灵、古岩龙蜥、无相之水、兆载永劫龙兽挑战奖励【进入「黄金屋」】追忆：黄金与孤影Ⅲ/Ⅳ【「伏龙树」之底】追忆：摇撼山岳之龙Ⅲ/Ⅳ【深入风龙废墟】追忆：暴风般狂啸之龙V/VI合成获得,「我要纠正你，在这里，人并不对神背负罪孽，能下达判决的只有法律与裁判庭。「他们甚至连我也可以裁判。赞美我的崇高与纯洁吧。」,暂无,https://uploadstatic.mihoyo.com/ys-obc/2020/07/01/80410800/516df2aacb13aaabbf3c8866fccbccb6_3445839018128305849.png,material
869,最胜紫晶碎屑,无相之雷阿莱夫、雷音权现、古岩龙蜥、掣电树挑战奖励【深入风龙废墟】追忆：暴风般狂啸之龙Ⅰ/Ⅱ/Ⅲ/Ⅳ/V/VI【进入「黄金屋」】追忆：黄金与孤影Ⅰ/Ⅱ/Ⅲ/Ⅳ【「伏龙树」之底】追忆：摇撼山岳之龙Ⅰ/Ⅱ/Ⅲ/Ⅳ玛乔丽【纪念品商店】、星稀【纪念品商店】兑换用途：角色突破,无相之雷阿莱夫、雷音权现、古岩龙蜥、掣电树挑战奖励【深入风龙废墟】追忆：暴风般狂啸之龙Ⅰ/Ⅱ/Ⅲ/Ⅳ/V/VI【进入「黄金屋」】追忆：黄金与孤影Ⅰ/Ⅱ/Ⅲ/Ⅳ【「伏龙树」之底】追忆：摇撼山岳之龙Ⅰ/Ⅱ/Ⅲ/Ⅳ玛乔丽【纪念品商店】、星稀【纪念品商店】兑换,【炼金】最胜紫晶断片,https://uploadstatic.mihoyo.com/ys-obc/2020/07/01/80410800/906e63768d1cd8705c47e45198de37ca_847839000831274611.png,material
870,最胜紫晶断片,【40级以上】无相之雷阿莱夫、古岩龙蜥、雷音权现、掣电树挑战奖励【深入风龙废墟】追忆：暴风般狂啸之龙Ⅰ/Ⅱ/Ⅲ/Ⅳ/V/VI【进入「黄金屋」】追忆：黄金与孤影Ⅰ/Ⅱ/Ⅲ/Ⅳ【「伏龙树」之底】追忆：摇撼山岳之龙Ⅰ/Ⅱ/Ⅲ/Ⅳ炼金合成,暂无,【炼金】最胜紫晶块,https://uploadstatic.mihoyo.com/ys-obc/2020/07/01/80410800/2b54a434925724d39f56f4b3f57ab6fc_1180444687193989795.png,material
871,最胜紫晶块,【60级以上】无相之雷阿莱夫、古岩龙蜥、雷音权现、掣电树挑战奖励【深入风龙废墟】追忆：暴风般狂啸之龙Ⅲ/Ⅳ/V/VI【进入「黄金屋」】追忆：黄金与孤影Ⅰ/Ⅱ/Ⅲ/Ⅳ【「伏龙树」之底】追忆：摇撼山岳之龙Ⅰ/Ⅱ/Ⅲ/Ⅳ炼金合成,「应持天下之大权。」,【炼金】最胜紫晶,https://uploadstatic.mihoyo.com/ys-obc/2020/07/01/80410800/845235358a435ee16786ada298a38011_2580159734400123651.png,material
872,最胜紫晶,【75级以上】无相之雷阿莱夫、古岩龙蜥、雷音权现、掣电树挑战奖励【深入风龙废墟】追忆：暴风般狂啸之龙V/VI【进入「黄金屋」】追忆：黄金与孤影Ⅲ/Ⅳ【「伏龙树」之底】追忆：摇撼山岳之龙Ⅲ/Ⅳ炼金合成,「应持天下之大权。「此身曾许诺予臣民一梦，既是千世万代不变不移的『永恒』。」,暂无,https://uploadstatic.mihoyo.com/ys-obc/2020/07/01/80410800/a2591190e04b1c89ba32f857a61bc39e_7429518283958958425.png,material
873,自在松石碎屑,无相之风贝特、魔偶剑鬼、半永恒统辖矩阵挑战奖励【深入风龙废墟】追忆：暴风般狂啸之龙Ⅰ/Ⅱ/Ⅲ/Ⅳ/V/VI玛乔丽【纪念品商店】、星稀【纪念品商店】兑换用途：角色突破素材,无相之风贝特、魔偶剑鬼、半永恒统辖矩阵挑战奖励【深入风龙废墟】追忆：暴风般狂啸之龙Ⅰ/Ⅱ/Ⅲ/Ⅳ/V/VI玛乔丽【纪念品商店】、星稀【纪念品商店】兑换,【炼金】自在松石断片,https://uploadstatic.mihoyo.com/ys-obc/2020/07/01/80410800/9326ccaf9ca5e34d7fc53d79c7310109_1307536599009083303.png,material
874,自在松石断片,【40级以上】无相之风贝特、魔偶剑鬼、半永恒统辖矩阵挑战奖励【深入风龙废墟】追忆：暴风般狂啸之龙Ⅰ/Ⅱ/Ⅲ/Ⅳ/V/VI合成获得,暂无,【炼金】自在松石块,https://uploadstatic.mihoyo.com/ys-obc/2020/07/01/80410800/fa085fd6c5021ea8d98ea4b5aaf428af_6614295546570640121.png,material
875,自在松石块,【60级以上】无相之风贝特、魔偶剑鬼、半永恒统辖矩阵挑战奖励【深入风龙废墟】追忆：暴风般狂啸之龙Ⅲ/Ⅳ/V/VI合成获得,「终有一天，会吹向更有光亮的方向。」,【炼金】自在松石,https://uploadstatic.mihoyo.com/ys-obc/2020/07/01/80410800/fffe22c6528ca302860460dead422697_7582588458540451186.png,material
876,自在松石,【75级以上】无相之风贝特、魔偶剑鬼、半永恒统辖矩阵挑战奖励【深入风龙废墟】追忆：暴风般狂啸之龙V/VI合成获得,「终有一天，会吹向更有光亮的方向。「从今往后，带着我的祝福，活得更加从容一些吧。」,暂无,https://uploadstatic.mihoyo.com/ys-obc/2020/07/01/80410800/78a3adf3df7d85a024f1582a336fd52b_6094089695281847090.png,material
877,雷光棱镜,【0级以上】无相之雷阿莱夫挑战奖励,暂无,暂无,https://uploadstatic.mihoyo.com/ys-obc/2020/07/01/80410800/0c998e6c6bfab77a61900b82432bf432_5838412475886667576.png,material
878,飓风之种,【0级以上】无相之风贝特挑战奖励,暂无,飓风之种*10；风车菊*0；水晶块*50能够容纳风种子，并利用风种子的能量产生风场的实用道具。,https://uploadstatic.mihoyo.com/ys-obc/2020/07/01/80410800/43f7d0612fc1f84a93c071b279263afa_4833571066521916623.png,material
879,玄岩之塔,【0级以上】无相之岩基末尔挑战奖励,暂无,暂无,https://uploadstatic.mihoyo.com/ys-obc/2020/07/01/80410800/8ab0d155c2ddab3083d79d4a0ef2a381_7673455857106008756.png,material
880,东风之翎,【深入风龙废墟】追忆：暴风般狂啸之龙Ⅳ/V/VI,是经历了千年之风的龙之羽。追求自由的本心使它几乎唤起轻风，好逃离现今的桎梏；但它的旧主对你的赏识，使它留在了你的掌心里。,暂无,https://uploadstatic.mihoyo.com/ys-obc/2020/07/01/80410800/88d7d0a752d3807b03758dbf219fb651_7348189405847651970.png,material
881,东风之爪,【深入风龙废墟】追忆：暴风般狂啸之龙Ⅳ/V/VI,因为过去撕裂了伟大魔龙「杜林」的血肉的缘故，过去曾蕴含骇人的猛毒。但经过你的净化与治愈，其中躁动的毒性终于平息。,暂无,https://uploadstatic.mihoyo.com/ys-obc/2020/07/01/80410800/dacaa0fa40b4aaa6316cab027f65304b_6625224617019671842.png,material
882,东风的吐息,【深入风龙废墟】追忆：暴风般狂啸之龙Ⅳ/V/VI,它的身躯是优美而通透的，信风与龙卷都愿为它效力。只要乘风而行，风就是它的同伴、它的歌声与它的自由。而它的敌人，就是一千种名字各异的风的敌人。,（风天赋/岩天赋1）,https://uploadstatic.mihoyo.com/ys-obc/2020/07/01/80410800/9596047f216ac96ccaaffe6c43644f08_5925221769309945736.png,material
883,北风之尾,【70级以上】北风的王狼挑战奖励,失去了生命与形体的北风王狼仍有超越凡俗的伟大力量。为了迎接挑战而用冰与风复现的形体也无法容下它的全部，少数灵魂附在了在战斗中脱落的冰鳞上。,（岩天赋2/）,https://uploadstatic.mihoyo.com/ys-obc/2020/07/01/80410800/b0214957da0c6883ffd2df23ec4c497c_3216003332824745374.png,material
884,北风之环,【70级以上】北风的王狼挑战奖励,这片大地曾经北风呼啸，呼气凝霜。如砂砾的冰与雪在寒风中嚣叫，飞舞着将肌肤撕裂，让血液凝结。如今的北风王狼力量虽然不如往昔，却仍有能将大地冰封的力量。,暂无,https://uploadstatic.mihoyo.com/ys-obc/2020/07/01/80410800/bff0d1ed9be583c0f46b3a4c0007358e_5468027632780776914.png,material
885,北风的魂匣,【70级以上】北风的王狼挑战奖励,这片大地上曾经北风呼啸，呼气凝霜。但它在最终终于明白，酷烈的北风只能熄灭生命，不能滋养生命。在生命的末尾，它让自己的力量流入这片大地，永远守护大地与大地的住民。,暂无,https://uploadstatic.mihoyo.com/ys-obc/2020/07/01/80410800/615f166f07ed12d71eda1b3505f450d8_8597237464132848173.png,material
886,史莱姆凝液,史莱姆掉落星尘兑换,暂无,【炼金】史莱姆清,https://uploadstatic.mihoyo.com/ys-obc/2020/07/01/80410800/660fbb7c5fe003b6298e6c3cafcc325d_8778729123290497354.png,material
887,史莱姆清,【40级以上】史莱姆掉落合成获得星尘兑换,暂无,【炼金】史莱姆原浆合成角色与武器培养素材时，有10%概率获得2倍产出。,https://uploadstatic.mihoyo.com/ys-obc/2020/07/01/80410800/0ed6ce89d9aaeabae989d6c9a58463cf_2828451300099939250.png,material
888,史莱姆原浆,【60级以上】史莱姆掉落合成获得,暂无,合成角色与武器培养素材时，有10%概率获得2倍产出。,https://uploadstatic.mihoyo.com/ys-obc/2020/07/01/80410800/0938dcfc9d9ea99a29fc65728550b958_1053527276174500230.png,material
889,破损的面具,丘丘人掉落,破损的部分比完整的部分更多，已经失去了假面应有的功能。,【炼金】污秽的面具,https://uploadstatic.mihoyo.com/ys-obc/2021/09/03/6381993/cb3e22245a1096a9b254152bc646ba78_5692439672685385515.png,material
890,污秽的面具,【40级以上】丘丘人掉落炼金合成,即使这样也要戴在脸上，这就是丘丘人的执着。,【炼金】不祥的面具合成角色与武器培养素材时，有10%概率获得2倍产出。,https://uploadstatic.mihoyo.com/ys-obc/2021/09/03/6381993/fa787bffaccff23640df75534291875f_75704713624417065.png,material
891,不祥的面具,【60级以上】丘丘人掉落炼金合成,丘丘人对面具的执着缘起为何，至今无人能解。一说认为是不愿看见自己在水中的倒影。,合成角色与武器培养素材时，有10%概率获得2倍产出。,https://uploadstatic.mihoyo.com/ys-obc/2021/09/03/6381993/b2be21f30bb5245a00feb6a2deded0cb_2031675148510329902.png,material
892,牢固的箭簇,射手类丘丘人掉落,暂无,【炼金】锐利的箭簇（岩）,https://uploadstatic.mihoyo.com/ys-obc/2020/07/01/80410800/17cecc858a1987f46221f93c7e90b80d_7416902126626803413.png,material
893,锐利的箭簇,【40级以上】射手类丘丘人掉落炼金合成,暂无,【炼金】历战的箭簇（岩）合成角色与武器培养素材时，有10%概率获得2倍产出。,https://uploadstatic.mihoyo.com/ys-obc/2020/07/01/80410800/1e41c7f972a4829cd2aa316df8916a70_7545862524070256041.png,material
894,历战的箭簇,【60级以上】射手类丘丘人掉落炼金合成,但它也代表着猎手的骄傲，是它们的护身符与奖章。&nbsp;,（岩）合成角色与武器培养素材时，有10%概率获得2倍产出。,https://uploadstatic.mihoyo.com/ys-obc/2020/07/01/80410800/b162664815ff511699fb46f9f78871c9_5579547649660428647.png,material
895,导能绘卷,丘丘萨满掉落星尘兑换,暂无,【炼金】封魔绘卷,https://uploadstatic.mihoyo.com/ys-obc/2020/09/18/75833613/9ce97f5458fa8188e9ba72b0fb4e4d26_668150835826758847.png,material
896,封魔绘卷,【40级以上】丘丘萨满掉落星尘兑换合成获得,暂无,【炼金】禁咒绘卷合成角色与武器培养素材时，有10%概率获得2倍产出。,https://uploadstatic.mihoyo.com/ys-obc/2020/07/01/80410800/7a026c65e7210afd7f8613181762b126_2375856581086563724.png,material
897,禁咒绘卷,【60级以上】丘丘萨满掉落炼金合成,暂无,合成角色与武器培养素材时，有10%概率获得2倍产出。,https://uploadstatic.mihoyo.com/ys-obc/2020/07/01/80410800/7ca6205e95ad0bb14fac2c116a1f57de_495858440380249231.png,material
898,寻宝鸦印,盗宝团掉落,暂无,【炼金】藏银鸦印,https://uploadstatic.mihoyo.com/ys-obc/2021/09/03/6381993/79eb16c6794647805f6d3b95b4b515e9_2857566842739421361.png,material
899,藏银鸦印,【40级以上】盗宝团掉落合成获得,盗宝团不问出身，无论何者，只要怀着贪求宝藏的心，有铤而走险的胆识，都可以成为「优秀」的成员。,【炼金】攫金鸦印合成角色与武器培养素材时，有10%概率获得2倍产出。,https://uploadstatic.mihoyo.com/ys-obc/2021/09/03/6381993/1f2b109867f9fc93fdb6335d3d6fa043_2283041879932776650.png,material
900,攫金鸦印,【60级以上】盗宝团掉落合成获得,只要广袤的大地上、幽邃的深渊里、未知的海洋中仍有待发掘的秘宝，那么手段不论地征服宝藏的盗宝之魂，就永远不会熄灭。,合成角色与武器培养素材时，有10%概率获得2倍产出。,https://uploadstatic.mihoyo.com/ys-obc/2021/09/03/6381993/bc524214471676405efd72a320c47c38_2050221028437321321.png,material
901,沉重号角,丘丘暴徒、丘丘王类怪物掉落,暂无,【炼金】黑铜号角,https://uploadstatic.mihoyo.com/ys-obc/2020/07/01/80410800/c7fedf6aa4861e652582874e1edef799_2075939713023695612.png,material
902,黑铜号角,40级以上丘丘暴徒掉落合成获得,暂无,【炼金】黑晶号角合成角色与武器培养素材时，有10%概率获得2倍产出。,https://uploadstatic.mihoyo.com/ys-obc/2020/07/01/80410800/dc12a92a6756ca3d555c39622900c90a_7272057994795810132.png,material
903,黑晶号角,60级以上丘丘暴徒掉落合成获得,暂无,合成角色与武器培养素材时，有10%概率获得2倍产出。,https://uploadstatic.mihoyo.com/ys-obc/2020/07/01/80410800/91263187daec297c40ad4424c5bfe449_8452851058212709451.png,material
904,地脉的旧枝,深渊法师掉落,暂无,【炼金】地脉的枯叶,https://uploadstatic.mihoyo.com/ys-obc/2020/07/01/80410800/b42b2c3da9f901019914b125451d216a_3771817320621521173.png,material
905,地脉的枯叶,【40级以上】深渊法师掉落炼金合成,暂无,【炼金】地脉的新芽合成角色与武器培养素材时，有10%概率获得2倍产出。,https://uploadstatic.mihoyo.com/ys-obc/2020/07/01/80410800/787177c4e08f7b89b0349f6a6e1e7e70_6456249785403380670.png,material
906,地脉的新芽,【60级以上】深渊法师掉落炼金合成,暂无,合成角色与武器培养素材时，有10%概率获得2倍产出。,https://uploadstatic.mihoyo.com/ys-obc/2020/07/01/80410800/0d0b23efc1066e93b183d2e0ccee66ce_1319754330906304673.png,material
907,混沌装置,遗迹守卫掉落,暂无,【炼金】混沌回路,https://uploadstatic.mihoyo.com/ys-obc/2020/07/01/80410800/23abf836d43695ea2e1ccde361c16619_4347147939744809681.png,material
908,混沌回路,40级以上遗迹守卫掉落合成获得,暂无,【炼金】混沌炉心,https://uploadstatic.mihoyo.com/ys-obc/2020/07/01/80410800/25fbf43c03fb16d6d95d875015afb280_5339790096182066691.png,material
909,混沌炉心,60级以上遗迹守卫、遗迹猎者掉落合成获得,暂无,暂无,https://uploadstatic.mihoyo.com/ys-obc/2020/07/01/80410800/9870089f9757707b4e2cf61518d500ff_4230090716608313614.png,material
910,雾虚花粉,愚人众·萤术士掉落,暂无,【炼金】雾虚草囊,https://uploadstatic.mihoyo.com/ys-obc/2020/07/01/80410800/ff607cbb679890f8f31df3e606ccb9bf_6301907248788697791.png,material
911,雾虚草囊,【40级以上】愚人众·萤术士掉落炼金合成,暂无,【炼金】雾虚灯芯合成角色与武器培养素材时，有10%概率获得2倍产出。,https://uploadstatic.mihoyo.com/ys-obc/2020/07/01/80410800/1db2bab55e6bae80ce8d8df31bdc5600_5754548555487043922.png,material
912,雾虚灯芯,【60级以上】愚人众·萤术士掉落炼金合成,暂无,合成角色与武器培养素材时，有10%概率获得2倍产出。,https://uploadstatic.mihoyo.com/ys-obc/2020/07/01/80410800/f4d443d09f3dc298e02900a856f0e417_2422212627774652997.png,material
913,猎兵祭刀,债务处理人掉落,暂无,【炼金】特工祭刀,https://uploadstatic.mihoyo.com/ys-obc/2020/07/01/80410800/65bb53d9859ca06b1781ed67dd0922a1_3445839018128305849.png,material
914,特工祭刀,【40级以上】债务处理人掉落炼金合成获得,暂无,【炼金】督察长祭刀合成角色与武器培养素材时，有10%概率获得2倍产出。,https://uploadstatic.mihoyo.com/ys-obc/2020/07/01/80410800/7729b2bad9d4dfd9c92b4213694aa063_8092164369854212020.png,material
915,督察长祭刀,【60级以上】债务处理人掉落炼金合成,暂无,合成角色与武器培养素材时，有10%概率获得2倍产出。,https://uploadstatic.mihoyo.com/ys-obc/2020/07/01/80410800/98e7ca462c2b69ca073a440227bad9c2_8470888327819885085.png,material
916,新兵的徽记,愚人众掉落,暂无,【炼金】士官的徽记,https://uploadstatic.mihoyo.com/ys-obc/2021/09/03/6381993/93d9ac2c52f05a9c3d54a6038cdce4da_4144160672520912773.png,material
917,士官的徽记,【40级以上】愚人众掉落炼金合成,暂无,【炼金】尉官的徽记合成角色与武器培养素材时，有10%概率获得2倍产出。,https://uploadstatic.mihoyo.com/ys-obc/2021/09/03/6381993/968819648ccb41b2c773970d2519966f_5460595098269343460.png,material
918,尉官的徽记,【60级以上】愚人众掉落炼金合成,暂无,合成角色与武器培养素材时，有10%概率获得2倍产出。,https://uploadstatic.mihoyo.com/ys-obc/2021/09/03/6381993/3c3849495314b55b89eda4ddf36b9aad_3496561643278867261.png,material
1023,流浪者的经验,冒险与探索奖励、任务奖励、活动奖励、地脉衍出·启示之花和邮件获取,角色经验素材。含有1000点经验值。如果不在大陆七国生活，这些经验还是很必要的。,暂无,https://uploadstatic.mihoyo.com/ys-obc/2020/07/20/15568211/2be9d116e7eb9c9189599ccf768185c9_3704736265069844722.png,material
1024,冒险家的经验,冒险与探索奖励、任务奖励、活动奖励、南风之狮的庙宇、地脉衍出·启示之花、大地纪行、游戏商城中星尘兑换和邮件获取,角色经验素材。含有5000点经验值。如果踏上了前人未至的秘境，这些经验还是很重要的。,暂无,https://uploadstatic.mihoyo.com/ys-obc/2020/07/20/15568211/81f42f1f48a4f381c17f0d7e8cb934f3_8834823113849099838.png,material
1025,大英雄的经验,解决事件报酬、活动奖励、地脉衍出·启示之花、无体力消耗的秘境、尘歌壶商店兑换、珍珠纪行、部分宝箱以及邮件获取,角色经验素材。含有20000点经验值。如果向往着天空岛而在大陆开始巡礼，这些经验可称得上弥足珍贵。,暂无,https://uploadstatic.mihoyo.com/ys-obc/2020/07/20/15568211/d50fb37e3954b2b7105c61cf8f442c6e_7679619291811796065.png,material
1062,常燃火种,【0级以上】爆炎树掉落,大地深处湍流不息的能量中运载着无穷的愿望。挟着烈火凭依在植物上，使它恒常地燃烧，并且渴望用爆裂的火炎洗净一切的，又是什么样的愿望呢。,暂无,https://uploadstatic.mihoyo.com/ys-obc/2020/09/16/75795471/5ad2bf864e0146cd7e1bc92071eb230f_8341076299196224037.png,material
1063,原素花蜜,【60级以上】骗骗花掉落炼金合成,骗骗花欺瞒猎物是为了狩猎，而狩猎进食或许是为了进化成某种更强大、更纯粹的姿态吧…,合成角色与武器培养素材时，有10%概率获得2倍产出。,https://uploadstatic.mihoyo.com/ys-obc/2020/09/27/75833613/2b3053e9e39ae135ce023fc68a60028e_4588075990998225126.png,material
1064,微光花蜜,【40级以上】骗骗花掉落炼金合成,学界一般认为骗骗花是元素植物的高级生命形态，但始终无法解明它的掠食习性。,【炼金】原素花蜜合成角色与武器培养素材时，有10%概率获得2倍产出。,https://uploadstatic.mihoyo.com/ys-obc/2020/09/27/75833613/d42b32ab1bb03723a49d0ded97bdd537_2011283817152457608.png,material
1065,骗骗花蜜,尝起来和甜甜花的味道有些微妙地相似。,【炼金】微光花蜜,https://uploadstatic.mihoyo.com/ys-obc/2020/09/27/75833613/265e4fe6d06ce44f83e85c3dfb9d9982_1139737533713451933.png,material
1070,极寒之核,【0级以上】急冻树掉落,暂无,【0级以上】急冻树掉落描述：急冻树被击败后，裸露出的原核。其中蕴含纯净的冰元素。在大地深处中奔涌的能量与思念终归会喷发。就连哀思般沉寂的寒霜，也会附着在地面上的生命形态当中；即使原本不该狩猎的生灵的藤蔓植物，也会变得庞大而凶悍吧。,https://uploadstatic.mihoyo.com/ys-obc/2020/09/16/15568211/0581082d81020c68a0ff2a999f5dd607_4574892077401834723.png,material
1071,脆弱的骨片,幼岩龙蜥、岩龙蜥、深海龙蜥掉落,尽管十分脆弱，其中似乎蕴含着某种难以言喻的力量。,【炼金】结实的骨片,https://uploadstatic.mihoyo.com/ys-obc/2020/09/16/75833613/f65a90de4d805ce08ffac61a46303196_1291928634512639455.png,material
1072,结实的骨片,【40级以上】幼岩龙蜥、岩龙蜥、深海龙蜥掉落炼金合成,看上去有一定的年头。即使是这种不通人言的龙兽，似乎对这种遗骸也拥有某种特殊的憧憬。,【炼金】石化的骨片合成角色与武器培养素材时，有10%概率获得2倍产出。,https://uploadstatic.mihoyo.com/ys-obc/2020/09/16/75833613/cf904c507c44d04f1dc5fbd3fd65c114_7550771278090112481.png,material
1073,石化的骨片,【60级以上】幼岩龙蜥、岩龙蜥、深海龙蜥掉落炼金合成,龙蜥都梦想着成长为真正的龙。会把古老的化石认作是龙之骨而加以珍惜，或许是因为希冀着龙的永恒与强大吧。,合成角色与武器培养素材时，有10%概率获得2倍产出。,https://uploadstatic.mihoyo.com/ys-obc/2020/09/16/75833613/df9ec7ebb9a6874b687ac3bb4c941d98_1201637978178429167.png,material
1075,净水之心,【0级以上】纯水精灵掉落,即使溶在了湖泊中，它的纯净也不会被稀释吧。但高洁如此的纯水精灵，又是为何渴望着地上生灵的模样，以净水模拟成生物的姿态呢，即使不需要呼吸、不需要进食…,暂无,https://uploadstatic.mihoyo.com/ys-obc/2020/09/17/75833613/d517843042fed21093e54f944b8f4f10_4133127812933523936.png,material
1217,吞天之鲸·只角,【进入「黄金屋」】追忆：黄金与孤影Ⅱ/Ⅲ/Ⅳ,传说中，命之座的图形反映着人的气质。而巡弋漆黑夜空的星辰之鲸，恐怕映照出的是粉碎一切、吞噬一切的狂傲理念吧…而接受了这一面的他，欣然唤出灭世的水之鲸，投身与你的战斗。,暂无,https://uploadstatic.mihoyo.com/ys-obc/2020/11/11/4820086/1e4e184fc305b67be19cc737c00185cb_219029947399460414.jpg,material
1218,智识之冕,限时活动奖励；蒙德龙脊雪山忍冬之树供奉11级奖励；璃月岩层巨渊地下层流明石「触媒」加工4级奖励；稻妻神樱树供奉5/15/25/5/45级奖励；须弥梦之树供奉5/15/25/5/45级奖励；,远古时期，承载与传授智识所用的仪式器具。尽管如今，智慧居于言语及典籍中，但「智识之冕」中残存的力量与智慧仍能给如今的人们带来伟大的突破吧。,所有角色10级天赋升级所需材料,https://uploadstatic.mihoyo.com/ys-obc/2020/11/11/4820086/0a91dd656723e2e6ff33ef0942720a8c_2163581096002798300.jpg,material
1219,魔王之刃·残片,【进入「黄金屋」】追忆：黄金与孤影Ⅱ/Ⅲ/Ⅳ,因为曾经抵达无穷的至暗之地，以少年的双眼目睹了那个国度的漆黑，因此不可逆地染上了不应属于这个世界的深邃色彩。纵使「邪眼」的力量与其无关，但物似主人形...,暂无,https://uploadstatic.mihoyo.com/ys-obc/2020/11/11/4820086/5a709a916a0441763b0a9756da44aa6f_3614695399288238930.jpg,material
1238,武炼之魂·孤影,【进入「黄金屋」】追忆：黄金与孤影Ⅱ/Ⅲ/Ⅳ,经过无尽历练的气势与战意在全力的厮杀中喷涌而出，物质化的产物。倘若人类拥有命运，那恐怕他的命运也为之扭曲了吧。否则，他又为何总是身处斗争的漩涡中心呢。,暂无,https://uploadstatic.mihoyo.com/ys-obc/2020/11/12/15363053/a9c6a08dd4fc9828704ba2d073955f3c_7156065979923149940.png,material
1494,未熟之玉,0级以上古岩龙蜥掉落,沉眠在山岳中的龙蜥体内，会析出这种黯淡的晶石。璃月有坊间传说认为，力量随着年月积聚，而这种晶石最终会取代原本的心脏，而龙蜥也会成为真正的龙，撼动山岳、撕裂大地。,暂无,https://uploadstatic.mihoyo.com/ys-obc/2021/01/31/4820086/1d94c2e37a54d6c3d635c35adefb8058_5619823984781693051.png,material
1792,龙王之冕,70级以上若陀龙王挑战奖励,注之以精魄，塑之以顽岩。它自山涧而生，在群岩的国土彰示天地的威权，而黄金般的长角则是它在过去与某位君王分庭抗礼的标志。曾一度裂折失色，如今却在你的手中闪烁着冰冷的黄金光泽。,（雷天赋）,https://uploadstatic.mihoyo.com/ys-obc/2021/04/27/4820086/9638f8183e94151cc362689193064d52_5040040173969885760.png,material
1793,鎏金之鳞,70级以上若陀龙王挑战奖励,在无数代蝼蚁归于腐土的岁月中，黄金与黑曜嵌入磐石造就的血肉，蔓延盘生而成甲胄。炽热的痛感，无声的呼号，或许皆会在恩怨终结的一刻消散吧。,暂无,https://uploadstatic.mihoyo.com/ys-obc/2021/04/27/4820086/314689a418ed1f4abbf9014e6003aa5f_7786919700721232426.png,material
1794,血玉之枝,70级以上若陀龙王挑战奖励,憎恨淌过天成的泉道，交汇冰冷的月光，令晶化的枝桠舒展而生...即使在战斗中已被斩落，龙血滋养的枝叶仍在簌簌作响，永无宁时。,暂无,https://uploadstatic.mihoyo.com/ys-obc/2021/04/27/4820086/9be07eb65fb192c9fb3bfbd850539af5_8305282903633598119.png,material
1799,晶凝之华,0级以上无相之冰掉落,冰霜的结晶永远依凭着冰冷的定则生长、盛放，最终开出冻结一切的凛冬之花。或许滞顿的时间，无法解冻的幽怀，才应当是永存不灭之花的真谛。,暂无,https://uploadstatic.mihoyo.com/ys-obc/2021/04/27/4820086/110a2f26a00d3097d90d1f7b2a071391_1945728780446548977.png,material
2215,魔偶机心,【0级以上】魔偶剑鬼掉落,无论是如何精湛的武艺、多么美丽的记忆，也会随着肉体的衰败而凋零。恐怕只有将自己的四肢、躯体都换成牢固的机关，最终将心脏换成精密的「机心」，才能比凡骨肉胎更加接近永恒吧...,暂无,https://uploadstatic.mihoyo.com/ys-obc/2021/08/27/6381993/48ce860ac6ae1566a1cfd52d8845fdc8_8647948649164812927.png,material
2312,「天光」的指引,【堇色之庭（周三/六/日）】精通秘境：真葛废都Ⅱ/Ⅲ/Ⅳ合成获得,雷之国土的愿望是天光。即使晖光被重重雷云所掩盖，鸣神的国土之上，依旧有志士如云雀般突破雷光与天之怒海，追寻天光之迹，哪怕迎来冷酷的殛灭。,【炼金】「天光」的哲学（雷天赋）周三/周六/周日：精通秘境（lv：54；lv：71；lv：88）合成角色天赋素材时，有10%概率获得2倍产出。合成角色天赋素材时，有25%概率返还部分合成材料。,https://uploadstatic.mihoyo.com/ys-obc/2021/07/21/15568211/53260a1b4b9bdcd0e859963640ecddaa_1909368635543787965.png,material
2313,「天光」的哲学,【菫色之庭（周三/六/日）】精通秘境：真葛废都IV「神樱眷顾」获得（向神樱缴纳雷之印）合成获得,雷之国土的愿望是天光。即使永远生活在地下，人也会不屈地祈求天光。人总是追逐超越，无可止步。静止封闭的永恒亦固然壮丽，但其本质终究是死亡。,（雷天赋）周三/周六/周日：精通秘境（lv：88）合成角色天赋素材时，有10%概率获得2倍产出。合成角色天赋素材时，有25%概率返还部分合成材料。,https://uploadstatic.mihoyo.com/ys-obc/2021/07/21/15568211/9101bb051b761d15db3b811e3c11f35e_1337682300909585584.png,material
2314,「风雅」的教导,【菫色之庭（周二/五/日）】精通秘境：初雷幽谷Ⅰ/Ⅱ/Ⅲ/Ⅳ,风雅是不谄媚。风雅之人永远是高贵的。正似只愿高飞与雷暴争鸣的海鹰；迎合鄙俗则恰如将花冠倒插泥淖，仅让尊严染上了污渍。,【炼金】「风雅」的指引,https://uploadstatic.mihoyo.com/ys-obc/2021/07/21/15568211/bc097c268a0f5b5ffa976aff32f24389_1249230905684631142.png,material
2315,「风雅」的指引,【菫色之庭（周二/五/日）】精通秘境：初雷幽谷Ⅱ/Ⅲ/Ⅳ,风雅是不倨傲。风雅之人永远是谦虚的。只有消除虚荣与怠慢，才能明亮双眼，从哪怕最不堪入目的表象之下寻求美与雅致的真境。,【炼金】「风雅」的哲学（雷天赋）合成角色天赋素材时，有10%概率获得2倍产出。合成角色天赋素材时，有25%概率返还部分合成材料。,https://uploadstatic.mihoyo.com/ys-obc/2021/07/21/15568211/ee30fcde40aca00c17dc95b9d369566d_3602908419727555323.png,material
2316,「风雅」的哲学,【菫色之庭（周二/五/日）】精通秘境：初雷幽谷Ⅳ,风雅是不庸俗。风雅之人永远是独行的。不屈于平庸之恶，不感动于平庸之爱，不逃避于平庸的无知，才可能明辨何为雅致与鄙陋。,（雷天赋）合成角色天赋素材时，有10%概率获得2倍产出。合成角色天赋素材时，有25%概率返还部分合成材料。,https://uploadstatic.mihoyo.com/ys-obc/2021/07/21/15568211/994b1453bcc87664a6815496715bd569_4763952261692427253.png,material
2317,「浮世」的教导,【堇色之庭（周一/四/日）】精通秘境：董染之国Ⅰ/Ⅱ/Ⅲ/Ⅳ,雷之国土的梦想是浮世。浮世之荣华乃是人之美的最高体现。人之在世岂不与疾电相类？如美梦或花火般浮华一瞬，在永恒的夜幕中留下绚烂的印记。,【炼金】「浮世」的指引（雷）,https://uploadstatic.mihoyo.com/ys-obc/2021/07/21/15568211/66db9ff54dad9e972f1a5c711a8f25c8_8405188057352803333.png,material
2318,「浮世」的指引,【菫色之庭（周一/四/日）】精通秘境：董染之国Ⅱ/Ⅲ/Ⅳ炼金合成,浮世之难求乃是人之美的价值所在。人之在世岂不与雷影相似？意欲追逐掇取则遥踞云端，灯火阑珊的静谧之时却不期而来。,【炼金】「浮世」的哲学（雷）合成角色天赋素材时，有10%概率获得2倍产出。合成角色天赋素材时，有25%概率返还部分合成材料。,https://uploadstatic.mihoyo.com/ys-obc/2021/07/21/15568211/bec41ca24fbc0e42b4280abfd6aad533_1864903025890334673.png,material
2319,「浮世」的哲学,【菫色之庭（周一/四/日）】精通秘境：董染之国Ⅳ,浮世之短暂乃是人之美的本性所在。人之在世岂不与稻光相近？神威显现的刹那恍若隽永，而永恒的威鸣又有谁人能够承受？,（雷）合成角色天赋素材时，有10%概率获得2倍产出。合成角色天赋素材时，有25%概率返还部分合成材料。,https://uploadstatic.mihoyo.com/ys-obc/2021/07/21/15568211/8c7290c464927a8f3a5c91a19bc55e4c_2652835632088181801.png,material
2320,「天光」的教导,【菫色之庭（周三/六/日）】精通秘境：真葛废都Ⅰ/Ⅱ/Ⅲ/Ⅳ,&nbsp;雷之国土的愿望是天光。&nbsp;自认通透一切的大君，永远企图将高天之光彩尽收囊中。然而无从分享的愿景，却反令须臾之人更加炽烈地追求，犹如飞蛾扑火。,【炼金】「天光」的指引周三/周六/周日：精通秘境（lv：8；lv：54；lv：71；lv：88）合成角色天赋素材时，有10%概率获得2倍产出。合成角色天赋素材时，有25%概率返还部分合成材料。,https://uploadstatic.mihoyo.com/ys-obc/2021/07/21/15568211/04e7083e7ef82753c0c06b007fd920aa_4157316151126954918.png,material
2324,破旧的刀镡,野伏众掉落,对剑术纯熟者而言，镡可以在实战中阻挡对手的刀刃；而对于新手剑士，镡是保护自己右手的关键。,【炼金】影打刀镡（雷）,https://uploadstatic.mihoyo.com/ys-obc/2021/07/21/15568211/331a4c2ccb90c83749cd3ef7f5ed4e00_3185704811429787794.png,material
2332,黯淡棱镜,愚人众·冬国仕女掉落,暂无,【炼金】水晶棱镜,https://uploadstatic.mihoyo.com/ys-obc/2021/07/21/15568211/79715f05cc0dbcd7eca8e612fb71b93f_1153915854346493303.png,material
2333,偏光棱镜,60级以上愚人众·冬国仕女掉落合成获得,在黑暗中。棱镜可以将细微的光明散布到更大的范围里。或许也是因为这样的特件。这种棱镜对于内心常常被黑暗笼罩的人，有着令他们稍稍安心的力量。,暂无,https://uploadstatic.mihoyo.com/ys-obc/2021/07/21/15568211/99b942bc8339e47db6ef48e706042a32_1209095014647297674.png,material
2334,水晶棱镜,40级以上愚人众·冬国仕女掉落合成获得,利用这种棱镜，可以制造虚幻的影像。从某种意义而言，也因此有着操纵人心的力量。,【炼金】偏光棱镜,https://uploadstatic.mihoyo.com/ys-obc/2021/07/21/15568211/733abb5caa7dedf50bcc75798914703f_4808241274065483433.png,material
2335,混沌真眼,60级以上遗迹机兵掉落合成获得,这类机关的「遗迹」之名源自它们热衷的活动区域。但遗迹机关本身与它们所寄居的残垣断壁之间却没有多少共同之处。在遥远的过去，遗迹曾经属于伟大的、几乎可以触碰天空穹顶的文明，而「遗迹」则在大地的深处蓄势待发等待着踏平一切国度的指令下达。,合成角色与武器培养素材时，有10%概率获得2倍产出。,https://uploadstatic.mihoyo.com/ys-obc/2021/07/21/15568211/cb69c0e7cb59e0cef09dbeb6f835565c_3749383576059185215.png,material
2336,混沌枢纽,40级以上遗迹机兵掉落合成获得,在无法维持机关构装体的结构性之后，其中蕴含的伟大技术与未知力量也失去意义了吧。,【炼金】混沌真眼合成角色与武器培养素材时，有10%概率获得2倍产出。,https://uploadstatic.mihoyo.com/ys-obc/2021/07/21/15568211/3e76e7fdff7226cc9511d31492ce1e60_4969905582824370553.png,material
2337,混沌机关,遗迹机兵掉落,暂无,【炼金】混沌枢纽,https://uploadstatic.mihoyo.com/ys-obc/2021/07/21/15568211/d74ac61a0a5d22950e6953bafc344c51_7103116028582868228.png,material
2344,名刀镡,60级以上野伏众掉落合成获得,有人坚信刀剑有灵魂、有生命，这也是为什么人们会为刀起名。爱护刀的人，也会得到刀的赏识。但与刀剑成为挚友、甚至爱人的人，须知这份情义是由杀伐浇灌的。常常浴血、与刀共舞之人，他们的热血最终总会被薄情的钢铁冷却。,（雷）合成角色与武器培养素材时，有10%概率获得2倍产出。,https://uploadstatic.mihoyo.com/ys-obc/2021/07/21/15568211/c5dad73604adcdc1a9f8e72576752d4c_8988189145551252232.png,material
2345,影打刀镡,40级以上野伏众掉落合成获得,稻妻有悠久的刀剑锻冶传统。匠人锻造一把刀时，常常会制造数柄样品，从中甄选。其中最为优秀的作品是为「真打」，而其余的则被称为「影打」。,【炼金】名刀镡（雷）合成角色与武器培养素材时，有10%概率获得2倍产出。,https://uploadstatic.mihoyo.com/ys-obc/2021/07/21/15568211/13c88ea7580c4b1ff05f02c36f936a05_7955835847243802231.png,material
2351,恒常机关之心,【0级以上】恒常机关阵列掉落,有人推测这种核心上的纹样当中以肉眼不可见的语言写上了智能与逻辑，也有人进一步认为这种特殊的遗迹机关因为格外庞大的核心与复杂的纹样，自发选择抛弃了生物的姿态，转而追求性能的强大。,暂无,https://uploadstatic.mihoyo.com/ys-obc/2021/07/21/15568211/c8a1d5fb83ec353b2af81df6d3ddc62d_831442359348306044.png,material
2352,阴燃之珠,0级以上无相之火掉落,炽热的火焰终有一天会冷却，而熄灭的柴薪也会随着意志而再度熊熊燃烧。无相之火不断的冷却与复燃、消散与凝聚也是这个世界意志的一部分吧，就如同宇宙万物的生生不息。直到漆黑的命运终有一日降临，将森罗万象归于空无为止。,暂无,https://uploadstatic.mihoyo.com/ys-obc/2021/07/21/15568211/d9b8d43b7a81ac95e14e7f629dd519ed_2071678093345053154.png,material
2359,远海夷地的瑚枝,炼武秘境：沉沙之渊（周一/周四/周日）,稻妻列岛中距离鸣神岛最遥远的「海祇」，在海祇岛的古语中的意思是「统管诸海的大神」。传说大蛇在常夜的渊下国土中初次现身时，身上覆满了四色的珊瑚枝，散发着煌煌的荧光。,【炼金】远海夷地的玉枝。合成武器突破素材时，有25%概率返还部分合成材料。,https://uploadstatic.mihoyo.com/ys-obc/2021/07/23/15568211/6673bd919389b7aa7efcd8c0e6199a49_2258644173578724978.png,material
2360,远海夷地的玉枝,炼武秘境：沉沙之渊（周一/周四/周日）合成获得,这种珊瑚在提瓦特的大地上是见不到的，是大蛇闯入「暗之外海」时，获得的礼赠。因此对于深海的大蛇而言，身负珊瑚枝象征着力量；而失去珊瑚枝时，力量会相应的折损。换言之折断的珊瑚枝中也蕴含着超常的力量。,【炼金】远海夷地的琼枝。合成武器突破素材时，有25%概率返还部分合成材料。,https://uploadstatic.mihoyo.com/ys-obc/2021/07/23/15568211/517ecdffe79005c52cfaa8129747f3f0_7300005570339810781.png,material
2361,远海夷地的琼枝,炼武秘境：沉沙之渊（周一/周四/周日）合成获得,失去了一切、逃向暗之外海的魔神在海渊中，见到了什么都没有的弃民。于是它决定留下来，成为他们的「远吕羽氏尊」、「海祇大御神」。传说大蛇神曾经折下身上所有的珊瑚枝，让蜷缩在黑暗中的孩子们拥有照亮周遭的光明。又有一说它用折下的珊瑚枝架起了登高的阶梯，让它的孩子们再次回到了地面上，见到阳光。,【炼金】远海夷地的金枝。合成武器突破素材时，有25%概率返还部分合成材料。,https://uploadstatic.mihoyo.com/ys-obc/2021/07/23/15568211/9c380411e861a87376200c3eccf232ad_2964257465329785530.png,material
2362,远海夷地的金枝,炼武秘境：沉沙之渊（周一/周四/周日）合成获得,「海祇」之名所背负的含义，归根到底只是曾栖身在深海中的弃民，对引领他们的蛇神一厢情愿的期许罢了。也正是因为有了仰望自己的子民，所以蛇神不得不留在本应逃离的世界里，折下身上的珊瑚枝，向自己不应涉足的土地入侵，与自己无法抗衡的敌手战斗，直到神体与山丘一同被斩断；直到鲜血化为电浆；直到思念与力量沦为永远无法消散的「祟神」。,合成武器突破素材时，有25%概率返还部分合成材料。,https://uploadstatic.mihoyo.com/ys-obc/2021/07/23/15568211/ba86b38f692b675b94a3af01c3098b8e_3129009942985483051.png,material
2367,鸣神御灵的亲爱,【砂流之庭（周二/五/日）】炼武秘境：砂之祭场Ⅲ/Ⅳ,无数的故事静静地沉睡在她的心中，终有一日会在她所梦想的永恒净土中灼灼发光吧。,【炼金】鸣神御灵的勇武。合成武器突破素材时，有25%概率返还部分合成材料。,https://uploadstatic.mihoyo.com/ys-obc/2021/07/23/15568211/1e4bcfff0d65d1837485c5d2c243e9c8_575185656329301950.png,material
2368,鸣神御灵的欢喜,【砂流之庭（周二/五/日）】炼武秘境：砂之祭场Ⅱ/Ⅲ/Ⅳ炼金合成,暂无,【炼金】鸣神御灵的亲爱。合成武器突破素材时，有25%概率返还部分合成材料。,https://uploadstatic.mihoyo.com/ys-obc/2021/07/23/15568211/9d183c8037026dd042e4013761a9bb41_1046419047045316803.png,material
2369,鸣神御灵的明惠,【砂流之庭（周二/五/日）】炼武秘境：砂之祭场Ⅰ/Ⅱ/Ⅲ/Ⅳ,暂无,【炼金】鸣神御灵的欢喜。合成武器突破素材时，有25%概率返还部分合成材料。,https://uploadstatic.mihoyo.com/ys-obc/2021/07/23/15568211/d34995b64cf0d952740925c3e9db133c_1737419073226728019.png,material
2370,鸣神御灵的勇武,【砂流之庭（周二/五/日）】炼武秘境：砂之祭场Ⅳ炼金合成,据说御灵有四魂，仙狐有三匹，名刀有二本；而御建鸣神主尊大御所大人的威严之相，只会呈现为流星光底的无想一线。,合成武器突破素材时，有25%概率返还部分合成材料。,https://uploadstatic.mihoyo.com/ys-obc/2021/07/23/15568211/d2320d5d0e2d2efe207839567387cc2a_5541601613916812653.png,material
2371,今昔剧画之恶尉,炼武秘境：流沙之葬（周三/周六/周日）,民话传说中，过去有名鬼人「虎千代」。武艺高强，曾有在刀剑一千柄当中狂舞，被割破的十二单如同堇花般零落，身体却未受一丝伤害的说法。后来却对将军大人露出獠牙，拔刀反叛，被斩下一臂一角后遁逃，最终郁愤发狂，自裁而殁。狂言称怀抱执妄之鬼往往内心惊悸而忧患。妄想永恒却恐惧须史，总会为恐惧与怨怒吞没，是为自业自得。这种面具刻画的就是露出尖牙的虎千代。,【炼金】今昔剧画之虎啮。合成武器突破素材时，有25%概率返还部分合成材料。,https://uploadstatic.mihoyo.com/ys-obc/2021/07/23/75833613/6f16d1ba75a15a73d240eabbfb6d5bfa_4442970504287480093.png,material
2372,今昔剧画之虎啮,炼武秘境：流沙之葬（周三/周六/周日）合成获得,《堇染山月虎啮鉴》中描绘的鬼人「虎千代」，曾以利齿咬碎将军的薙刀，取得过一时的上风。因此以他为原型制造的面具上往往有精心雕琢的尖牙。在其结局中。负伤之兽般遁入林野，连清凉的月光也避之唯恐不及。穿过窄巷与峡谷的风声像是受伤的鬼在低声哀嚎，因此也有「虎千代风」这一季语。,【炼金】今昔剧画之一角。合成武器突破素材时，有25%概率返还部分合成材料。,https://uploadstatic.mihoyo.com/ys-obc/2021/07/23/15568211/8d8230dd439f5fb61db1936c1615ee7c_6542317975443473038.png,material
2373,今昔剧画之一角,炼武秘境：流沙之葬（周三/周六/周日）合成获得,在鬼族失落的子守奉公子守歌中，鬼人「虎千代」是一位翩翩少年，拥有优雅勇健的身姿与华丽的容貌。他原本是将军麾下的爱将，曾忠心追随她深入漆黑的渊薮，击退邪秽之物，为血脉日渐稀薄的鬼族争取功绩。纵使如今这样的歌谣已经无人传唱了，以另一种形象流传下来的有角鬼面形象仍然有着非凡的力量。,【炼金】今昔剧画之鬼人。合成武器突破素材时，有25%概率返还部分合成材料。,https://uploadstatic.mihoyo.com/ys-obc/2021/07/23/15568211/839957ca90527eee0b38c3ca8e7bb3ab_5191024789761077232.png,material
2374,今昔剧画之鬼人,【砂流之庭（周三/六/日）】炼武秘境：流沙之葬Ⅳ炼金合成,背上「雷之三重巴」的纹样时名为「千代」的鬼族女武者，面对漆黑的军势时，曾被虎躯蛇尾的世外之兽吞下。最后她撕开魔兽的胸腔，得以幸存。这是「虎啮的千代」之名的来由。在此后的岁月中，这一名号渐渐简化为「虎千代」。但在深邃之兽的腹中，她染上了深罪的黯色，也透过猩红的利齿看见同行者被撕碎。沉湎于漆黑景色的她最终向御建鸣神主尊拔剑；后来，她持刀之臂与尖角被斩落，如同负伤的野兽般从城中逃向林野；再后来似乎是被天狗，或是终末番，或是山中修行的岩藏之胤当成不认得的怪物，收拾掉了罢，因为她俊美的容貌已经因为漆黑的仇恨与负伤痛苦变得狰狞扭曲。抑或是遇见了大蛇遗骸附近的鬼面执剑人形，故此结束了命运的旅途。昔日曾与渊薮战斗者难免梦见漆黑的剧画。曾与魔兽厮杀又沦为当中一员者亦不在少数。世界的边缘正在变得稀薄而脆弱，这种侵蚀或许并非是单向的。,合成武器突破素材时，有25%概率返还部分合成材料。,https://uploadstatic.mihoyo.com/ys-obc/2021/07/23/15568211/f79d76eb9c5e434a620cd88069c736bf_217235698444563929.png,material
2609,浮游干核,飘浮灵掉落商城星尘兑换,暂无,【炼金】浮游幽核,https://uploadstatic.mihoyo.com/ys-obc/2022/09/16/183046623/c52a905b1dcf3d03966d9d840af5e4dc_4528474192768491876.png,material
2610,浮游幽核,【40级以上】飘浮灵掉落【炼金合成】商城星尘兑换,这种元素生物似乎有奇异的习性，会周期性大量涌现、消失。,【炼金】浮游晶化核合成角色与武器培养素材时，有10%概率获得2倍产出。,https://uploadstatic.mihoyo.com/ys-obc/2021/08/31/4820086/9cad2999f1b417dba8e84bba95f29263_7335635232854236656.png,material
2611,浮游晶化核,60级以上飘浮灵掉落商城星辉兑换,在热衷于给任何事物都分个高下的人当中，经常发生这样的争论:飘浮灵和风史莱姆的浮力，究竟孰高孰低。,合成角色与武器培养素材时，有10%概率获得2倍产出。,https://uploadstatic.mihoyo.com/ys-obc/2021/08/31/4820086/9e04fbe5f5c39171b894209f5796530c_9162398124740494895.png,material
2614,排异之露,0级以上无相之水掉落,"具有强烈的排异本能，也是无相之水的攻击手段之一。据说水中蕴含着记忆与意志,也能随水体的融合获得成长。然而无相之水唤出的浪潮，与地上地下一切湍流之物皆不相容。哪怕落入佩特莉可那无比纯粹的水中，这滴水也会像水银一般抗拒着周遭的融合吧。","0级以上无相之水掉落描述：无相之水坍缩后，留下的奇异水珠。具有强烈的排异本能，也是无相之水的攻击手段之一。据说水中蕴含着记忆与意志,也能随水体的融合获得成长。然而无相之水唤出的浪潮，与地上地下一切湍流之物皆不相容。哪怕落入佩特莉可那无比纯粹的水中，这滴水也会像水银一般抗拒着周遭的融合吧。",https://uploadstatic.mihoyo.com/ys-obc/2021/08/31/4820086/2efd915f767913731e89a450b13ff872_6313463355384295219.png,material
2615,雷霆数珠,0级以上雷音权现掉落,传说雷音权现只会随着雷霆降生在遗留着强大忿恨的土地上。驱使它永远地徘徊在破碎的土地上，释放贯天之雷的，在歌人的故事中往往是生命无法承受的失望与痛苦。,0级以上雷音权现掉落描述：雷音权现留下的，蕴含电气的雷之珠。传说雷音权现只会随着雷霆降生在遗留着强大忿恨的土地上。驱使它永远地徘徊在破碎的土地上，释放贯天之雷的，在歌人的故事中往往是生命无法承受的失望与痛苦。,https://uploadstatic.mihoyo.com/ys-obc/2021/08/31/4820086/c283174b26e72e3221e8f783e5ceb6e9_1095564053286509783.png,material
2616,熔毁之刻,70级以上女士挑战奖励,「我做了一个很长的梦。「我梦见我与你，在我们缔造的纯白世界中再会「但我终于醒来了。我早已经被烈火吞没。你早已与毒血一同回归大地。,70级以上女士挑战奖励描述：战胜解放了原本力量的「女士」后，得到的某种蕴含着强大力量的畸形碎片。「我做了一个很长的梦。「我梦见我与你，在我们缔造的纯白世界中再会「但我终于醒来了。我早已经被烈火吞没。你早已与毒血一同回归大地。「不过都无所谓了。要不断往前走，就要烧毁身后的一切，就要相信他所说的永远纯白无暇的国度，在地平线的尽头，「陛下」的梦中，在他让我看见的「妄念」里。」,https://uploadstatic.mihoyo.com/ys-obc/2021/08/31/4820086/6d92c5634a85eb7a7954727f914d41eb_7448492734091959860.png,material
2617,狱火之蝶,【70级以上】「女士」挑战奖励,暂无,【70级以上】「女士」挑战奖励描述：战胜解放了原本力量的「女士」后，得到的某种蕴含着温暖的力量的畸形碎片。应激的冰之封印被打破，过往的意志冲破苍白的囚牢，她再度想起自己原本的名字时，不死蝶会随着血肉焚毁一同逸散飞舞。而她也想起了漫游大地，散布烈焰，烧尽一切罪恶的过去，以及自己未能再见的那个人的面貌。,https://uploadstatic.mihoyo.com/ys-obc/2021/08/31/4820086/f3f8344abc39c69306959e7846094893_2837963393618130558.png,material
2618,灰烬之心,70级以上女士挑战奖励,即使是泪水也无法使火焰熄灭。铁水般炽热的哀伤与愤怒在她的血管中奔涌，从泪腺中迸发。,70级以上女士挑战奖励描述：战胜解放了原本力量的「女士」后，得到的某种蕴含着强大思念的畸形碎片。即使是泪水也无法使火焰熄灭。铁水般炽热的哀伤与愤怒在她的血管中奔涌，从泪腺中迸发。在她的心脏被永恒之火烧尽前，最初的愚者找到了她。他明白，只有更加深刻的仇恨与妄执，才能熄灭吞噬她的火焰，让她成为自己的同伴...,https://uploadstatic.mihoyo.com/ys-obc/2021/08/31/4820086/7524ac4337d01d7be35bd7ab591947ca_8760044691007065983.png,material
2879,隐兽指爪,兽境幼兽/猎犬掉落,按照常理来说，这种与此世不容的事物不应在这种异常造物被驱逐后，残留于世才对。,【炼金】隐兽利爪,https://uploadstatic.mihoyo.com/ys-obc/2021/10/12/4820086/351d28ec957f0f5f7012e590e06189e7_4373237437811794870.png,material
2880,隐兽利爪,【40级以上】兽境幼兽/猎犬掉落炼金合成,虽然奇妙，但是和大杰作「腐殖层」杜林相比，「淋溶层」猎犬不值一提。,【炼金】隐兽鬼爪合成角色与武器培养素材时，有10%概率获得2倍产出。,https://uploadstatic.mihoyo.com/ys-obc/2021/10/12/4820086/6b9431b9d43377abe5113854a3ff8b05_5779968652892296108.png,material
2881,隐兽鬼爪,【40级以上】兽境幼兽/猎犬掉落炼金合成,世之奇珍，但是和最高杰作「白垩层」相比，只是寻常之物罢了。,合成角色与武器培养素材时，有10%概率获得2倍产出。,https://uploadstatic.mihoyo.com/ys-obc/2021/10/12/4820086/1ee14de0c25740191b6dd53fdeb08917_1168596845889047003.png,material
3873,幽邃刻像,60级以上深渊使徒、黑蛇众掉落合成获得,凝视着这尊偶像时，似乎能听见令人心情宁静的奇妙低语···「看吧，我的孩子。天之座下的万物终将在动荡中消亡。永远宁静的漆黑深空会包容一切。」,暂无,https://uploadstatic.mihoyo.com/ys-obc/2022/03/01/187743934/0945128b4bb5bca81902ec29d25c1d09_3801392156731567414.png,material
3874,孢囊晶尘,【60级以上】蕈兽掉落掉落合成获得,暂无,合成角色与武器培养素材时，有10%概率获得2倍产出。,https://uploadstatic.mihoyo.com/ys-obc/2022/03/01/187743934/c7288e6ed624ff7fcf23b2e8887c1685_4572479675454666063.png,material
3888,符纹之齿,【0级以上】遗迹巨蛇掉落,暂无,【0级以上】遗迹巨蛇掉落描述：神秘的蛇状古代机械用于掘削山壁的「齿」，其上篆刻着无解的不详符文。相传在大地的深黑裂缝中潜藏着庞大的虺类，它们永远怀着对地上世界的憎恨与恶意，抱着不可知的险恶目的，发掘着宏大的隧道···,https://uploadstatic.mihoyo.com/ys-obc/2022/03/30/187743934/8639e5a0f6303da4db98acb76a02d213_6859640471672945773.png,material
3890,蕈兽孢子,蕈兽掉落,暂无,【炼金】荧光孢粉,https://uploadstatic.mihoyo.com/ys-obc/2022/03/01/187743934/46cf8a0e508049e8d3111dba6451d944_1685724080169788265.png,material
3891,荧光孢粉,【40级以上】蕈兽掉落合成获得,暂无,【炼金】孢囊晶尘合成角色与武器培养素材时，有10%概率获得2倍产出。,https://uploadstatic.mihoyo.com/ys-obc/2022/03/01/187743934/19703fbe3c14dcdf6725efe28c2cdae9_4672077270670286729.png,material
3892,晦暗刻像,深渊使徒、黑蛇众掉落星尘兑换,即使经过了长久的岁月，也没有受到任何损伤。似乎被原本的主人如同圣象一般呵护着。,【炼金】夤夜刻像,https://uploadstatic.mihoyo.com/ys-obc/2022/03/01/187743934/0c19069d68798c63c191b9909f832ea2_8682677652468276524.png,material
3893,夤夜刻像,40级以上深渊使徒、黑蛇众掉落星尘兑换合成获得,握在手中时似乎能感受到其中散发的丝丝暖意，就像挚友的臂膀那般。或许能给予明白雕像背后个中含义的人持续前进的勇气吧。,【炼金】幽邃刻像,https://uploadstatic.mihoyo.com/ys-obc/2022/03/01/187743934/56de2bb91daf5905798fc37eaf9f3f5b_6770541917059450646.png,material
4354,绿洲花园的追忆,【有顶塔（周二/五/日）】炼武秘境：思惑Ⅰ/Ⅱ/Ⅲ/Ⅳ,清泉从她的袖口涌流而出，沙漠中便有了百花盛开的绿洲;鲜花与香草紧随着她的脚步，银白的月光为她开道。在高天转过脸去的艰苦时代里，花的女主人为凡人遍洒恩惠，人们开始重新认识到快乐与自我，于是再度拾起了闲暇与奢侈。,【炼金】绿洲花园的恩惠,https://uploadstatic.mihoyo.com/ys-obc/2022/08/20/4820086/f42d6a663f69953a20d61ec543862633_6514821532895852648.png,material
4355,绿洲花园的恩惠,【有顶塔（周二/五/日）】炼武秘境：思惑Ⅱ/Ⅲ/Ⅳ合成获得,她曾为被放逐之人、癫狂之人与痴愚之人展现梦想，在梦想中为他们奉上甘美的欢乐，即使人们的手中只有黑铁的碗砵，依旧为花之女王的魅力所折服，深醉于她美丽的形象与无微不至的关怀之中。,【炼金】绿洲花园的哀思。合成武器突破素材时，有25%概率返还部分合成材料。合成武器突破素材时，有10%概率获得2倍产出。,https://uploadstatic.mihoyo.com/ys-obc/2022/08/20/4820086/d69350dc9f34090915062e413a4739a3_3315105801179247085.png,material
4356,绿洲花园的哀思,【有顶塔（周二/五/日）】炼武秘境：思惑Ⅲ/Ⅳ合成获得,鲜花与绿洲的女主人曾与沙漠的王共同为镇灵建起了「圆形剧场之城」阿伊·哈努姆，在古老镇灵的语言中乃是「月女城」之意。但后来，据说花的女王死于烈日与黄沙的恶意，绿洲也不复有紫红的帕蒂莎兰盛开。在她陨落之后，沙暴哀鸣、镇灵恸哭，月光般白银的宝石圆盘亦失却了原本的享乐用途，散发出哀伤的光芒。,【炼金】绿洲花园的真谛。合成武器突破素材时，有25%概率返还部分合成材料。合成武器突破素材时，有10%概率获得2倍产出。,https://uploadstatic.mihoyo.com/ys-obc/2022/08/20/4820086/0a211608cc6ef45663d3d8e9bf47d3d0_423364026389370023.png,material
4357,绿洲花园的真谛,【有顶塔（周二/五/日）】炼武秘境：思惑Ⅳ合成获得,花的王者曾与彼时的两位神王结成同盟，在智慧与威权之外，她为蒙昧的子民带来了慈悲与欢乐。正如大地不能只有烈日和雨水那般，理性与强力之下，欢乐与爱、歌声与乐曲、酒与奢侈同样重要。人们说，鲜花盛开的目的即是灿烂的死亡，而死亡正是花之主人从最开始便尽力追寻的终焉一因为死亡为失去的欢乐增添苦涩的风味，让它愈发浓烈地在无穷回忆之中显现。黄沙的无知之王从未明晓她的道理，仅仅迷醉于她无穷的魅力与柔情一执着的追忆尽管妄入歧途，却也在花之女王的计算之中。,合成武器突破素材时，有25%概率返还部分合成材料。合成武器突破素材时，有10%概率获得2倍产出。,https://uploadstatic.mihoyo.com/ys-obc/2022/08/20/4820086/43c303962c12113250be3ee1f6a41f4e_8390543528822267743.png,material
4358,烈日威权的残响,【有顶塔（周三/六/日）】炼武秘境：引业Ⅰ/Ⅱ/Ⅲ/Ⅳ,尽管那位王者的名讳如今已不再被人挂在嘴边，但这些小巧的王印却保留下来，隐约透露着旧日的威名。它们随镀金的子孙流散四方，依然沉默地倾诉着旧主的往事。,【炼金】烈日威权的余光,https://uploadstatic.mihoyo.com/ys-obc/2022/08/20/4820086/fc0e7c58ead4d5973de1b1a4631f2121_3193288153280698871.png,material
4359,烈日威权的余光,【有顶塔（周三/六/日）】炼武秘境：引业Ⅱ/Ⅲ/Ⅳ合成获得,然而威权之道并非冷酷的暴政，其目的恰恰最为深郁一创造不再有人苦恼，不再需要迫害与奴役的真实乐土。正如沉默的王从晶石的秘密中望见的一切，正如已然消逝的伴侣曾经的教诲那般。玄色的虫印与铁色的裁决，就这样成为了王国法度的基石。,【炼金】烈日威权的梦想。合成武器突破素材时，有25%概率返还部分合成材料。合成武器突破素材时，有10%概率获得2倍产出。,https://uploadstatic.mihoyo.com/ys-obc/2022/08/20/4820086/db52e6f72e5059fa1ba32ab14914fe76_583996705665727129.png,material
4360,烈日威权的梦想,【有顶塔（周三/六/日）】炼武秘境：引业Ⅲ/Ⅳ合成获得,在镀金部族的诗歌中，银白的月光照在猩红的袍裾上，令哀恸之王阿赫玛尔发狂。忧伤的沙漠歌谣唱道，出于对旧日回忆的执着，孤独的君王在沙漠中央塑造了无法老去的梦乡。在那里凝聚着不被扰动的纯洁泉水，与永远停留在日暮时分的露光。,【炼金】烈日威权的旧日。合成武器突破素材时，有25%概率返还部分合成材料。合成武器突破素材时，有10%概率获得2倍产出。,https://uploadstatic.mihoyo.com/ys-obc/2022/08/20/4820086/f900a77727dda7054779babdf506c061_3976258032662946628.png,material
4361,烈日威权的旧日,【有顶塔（周三/六/日）】炼武秘境：引业Ⅳ合成获得,古旧的石碑记录，王的威权化作七道烈光或七座柱梁;王的慈悲平均地赐予每一个人手中，没有人受到忽视，亦没有人心怀不满。那是一个被遗忘的黄金时代，彼时花的女王已谢落尘沙，草木的主人也决定离去。但只有黄沙的子嗣选择与他们的神衹同在，即使灾祸的阴影渐行渐近，他们所信赖的威权依旧如琥珀与黄金那般闪耀着不灭的光芒。但灾祸终究还是降临了，黄金的虫印也被葬在了神殿与宫阙深处、曾雕着鹫兽与牛头的破碎柱基之下。,合成武器突破素材时，有25%概率返还部分合成材料。合成武器突破素材时，有10%概率获得2倍产出。,https://uploadstatic.mihoyo.com/ys-obc/2022/08/20/4820086/26b905c578907b9b13add0d186e2c1ad_6102952905987485129.png,material
4362,谧林涓露的铜符,【有顶塔（周一/四/日）】炼武秘境：云垢Ⅰ/Ⅱ/Ⅲ/Ⅳ,神符仿照林间清露的形状雕成，象征着智慧的涓滴在凡人的心智中渗流。,【炼金】谧林涓露的铁符,https://uploadstatic.mihoyo.com/ys-obc/2022/08/20/4820086/cd71817bc166af9dd7ae931312b0e40f_3199057447509321710.png,material
4363,谧林涓露的铁符,【有顶塔（周一/四/日）】炼武秘境：云垢Ⅱ/Ⅲ/Ⅳ合成获得,草木的主人为之欢欣，纵使火与金属会伤害她，但亦会使凡人强大。,【炼金】谧林涓露的银符。合成武器突破素材时，有25%概率返还部分合成材料。合成武器突破素材时，有10%概率获得2倍产出。,https://uploadstatic.mihoyo.com/ys-obc/2022/08/20/4820086/3d95e25ac9c0e6aeecec0d02225ba7b9_493507874032916116.png,material
4364,谧林涓露的银符,【有顶塔（周一/四/日）】炼武秘境：云垢Ⅲ/Ⅳ合成获得,当他俯首与草木的主人缔结友谊，信物便是闪烁着似水光泽的宝石与月光似的白银。作为友谊的珍贵交换，草木的主人承诺为迷宫之王保守秘密，保护雨林绮丽的梦想。尽管后来，一切秘密与梦构成的华美宫阙都在遗忘的深黑烈焰之下烟消云散，又融入厚重土壤，化作了新生雨林的养料。,【炼金】谧林涓露的金符。合成武器突破素材时，有25%概率返还部分合成材料。合成武器突破素材时，有10%概率获得2倍产出。,https://uploadstatic.mihoyo.com/ys-obc/2022/08/25/183046623/c4e43412bd3d9f506d3b172a4cde66fe_2519346921801336174.png,material
4365,谧林涓露的金符,【有顶塔（周一/四/日）】炼武秘境：云垢Ⅳ合成获得,「智慧」的本质并不在于掌控一切思维，谋取一切利益，而在于其能够令平凡的生命最终也获得超越桎梏的自由。尽管密林中不再回荡着摄人心魄的虎啸，坚强的卫士也退隐孩童的梦中...在秘密的黄金封印都被揭开，所有的梦想在月光下如琥珀闪闪发亮的那一夜，或许她与她所深爱的凡人们将会赢得真正的自由。,合成武器突破素材时，有25%概率返还部分合成材料。,https://uploadstatic.mihoyo.com/ys-obc/2022/08/20/4820086/55416fff3427034075a4201d4fb4abbe_682407200285386977.png,material
4366,「笃行」的教导,【昏识塔(周三/六/日)】精通秘境：律藏I/Ⅱ/Ⅲ/Ⅳ,笃行源于明晰的真性。不懈求索的实践，正是一切智慧最终显现的必经之途。不拘善行，明思与雅言亦无土壤。,【炼金】「笃行」的指引,https://uploadstatic.mihoyo.com/ys-obc/2022/08/20/4820086/5c1fc6ed5a83a51166112ed8908ecf42_802260303951190056.png,material
4367,「笃行」的指引,【昏识塔(周三/六/日)】精通秘境：律藏Ⅱ/Ⅲ/Ⅳ炼金合成,笃行印证直率的言说。所思所行皆是为善，仍不可称之为智慧。智慧孕育于行动之中，为正直的言语篆下封印。,【炼金】「笃行」的哲学（草）合成角色天赋素材时，有10%概率获得2倍产出。合成角色天赋素材时，有25%概率返还部分合成材料。,https://uploadstatic.mihoyo.com/ys-obc/2022/08/20/4820086/753d42a2f597fe6faa89407a5c5d3cf4_482494251532854111.png,material
4368,「笃行」的哲学,【昏识塔(周三/六/日)】精通秘境：律藏Ⅳ炼金合成,笃行促生智慧的果实。行为实证行为本身的意义，行、言、思的联结一体，是令贤智之人得见完美的唯一通途。,（草）合成角色天赋素材时，有10%概率获得2倍产出。合成角色天赋素材时，有25%概率返还部分合成材料。,https://uploadstatic.mihoyo.com/ys-obc/2022/08/20/4820086/1b711ad34080e0d1bccc4b06ff167289_8900037121081736299.png,material
4369,「巧思」的教导,【昏识塔(周二/五/日)】精通秘境：妙语Ⅰ/Ⅱ/Ⅲ/Ⅳ,巧思生自良善的意旨。所谓「毒树不结善果」，良善坚定的意念才能孕育巧妙周到的思谋，方不玷污智慧之名。,【炼金】「巧思」的指引,https://uploadstatic.mihoyo.com/ys-obc/2022/08/20/4820086/66406899e204a3b1ff138b871a0b3209_5089618186759650163.png,material
4370,「巧思」的指引,【昏识塔(周二/五/日)】精通秘境：妙语Ⅱ/Ⅲ/Ⅳ炼金合成,巧思引导正直的言语。巧妙而周密的向善思索，令出口之言不偏离福祉之正道；怠慢与歹意则令言行卑劣不堪。,【炼金】「巧思」的哲学（草）合成角色天赋素材时，有10%概率获得2倍产出。合成角色天赋素材时，有25%概率返还部分合成材料。,https://uploadstatic.mihoyo.com/ys-obc/2022/08/20/4820086/b78a44a7a7b2fa7726d3c52ab3b069e7_4981115585846116786.png,material
4371,「巧思」的哲学,【昏识塔(周二/五/日)】精通秘境：妙语Ⅱ/Ⅲ/Ⅳ炼金合成,巧思成于谐和的品行。行为赋予思想完美形态，思、言、行的彼此印证，是令智慧之树绽放出花朵的忠实基干。,合成角色天赋素材时，有10%概率获得2倍产出。合成角色天赋素材时，有25%概率返还部分合成材料。,https://uploadstatic.mihoyo.com/ys-obc/2022/08/20/4820086/ad09c0f8b089b2e7b8c54abe4aa149db_3983505189235785710.png,material
4372,「诤言」的教导,【昏识塔(周一/周四/周日)】精通秘境：圆镜Ⅰ/Ⅱ/Ⅲ/Ⅳ,诤言出于纯净的心智。唯有清醒纯善的言语，方能表达深秘的智慧，令睿智之种突破傲慢的壅阻，生根繁茂。,【炼金】「诤言」的指引（草）,https://uploadstatic.mihoyo.com/ys-obc/2022/08/20/4820086/b16135f7d9c143c81c9e02a55db9b080_2864594572475901988.png,material
4373,「诤言」的指引,【昏识塔(周一/四/日)】精通秘境：圆镜Ⅱ/Ⅲ/Ⅳ合成获得,诤言相伴巧妙的思虑。多思多虑方能出言谦逊明晰，令智者折服，使愚者醒悟，让智慧如川流一般畅通不息。,【炼金】「诤言」的哲学（草）合成角色天赋素材时，有10%概率获得2倍产出。合成角色天赋素材时，有25%概率返还部分合成材料。,https://uploadstatic.mihoyo.com/ys-obc/2022/08/20/4820086/70fbb514ac2fa545787ace4b522d932f_2873774875138622906.png,material
4374,「诤言」的哲学,【昏识塔(周一/四/日)】精通秘境：圆镜Ⅳ合成获得,诤言终于至善的操行。行为赋予言语真实含义，言、思、行的协同一致，是令智慧之树结出善果的丰厚养分。,（草）合成角色天赋素材时，有10%概率获得2倍产出。合成角色天赋素材时，有25%概率返还部分合成材料。,https://uploadstatic.mihoyo.com/ys-obc/2022/08/20/4820086/d62bd81605203d46b57ad7bc71357f1e_8614656753128774889.png,material
4411,茁壮菌核,【60级以上】活化状态下蕈兽掉落【60级以上】枯焦状态下蕈兽掉落合成获得,一般认为，蕈兽之所以演化出移动能力，是为了将孢子散布在更为广泛的天地中。曾有诗人称，在蕈兽共同的梦中，孢子覆盖了山岳与海洋，世界无比宁静。蕈兽演化成游鱼、走兽、飞禽、人与神，仰赖雨水、土地与回归土地的同伴而生。,合成角色与武器培养素材时，有10%概率获得2倍产出。,https://uploadstatic.mihoyo.com/ys-obc/2022/07/21/187743934/25e34cbdf7017a0a13c3103693e56ae5_1142198406253285972.png,material
4412,休眠菌核,【40级以上】活化状态下蕈兽掉落【40级以上】枯焦状态下蕈兽掉落合成获得,生论派的学者们曾对蕈兽究竟属于植物还是动物展开过旷日持久的论战。最后两派达成和解，将蕈兽单列在动植物之外，并不再讨论。,【炼金】茁壮菌核合成角色与武器培养素材时，有10%概率获得2倍产出。,https://uploadstatic.mihoyo.com/ys-obc/2022/07/21/187743934/9e61f0ee0764c8dacb1a3cb40fede8dd_7456274649153115598.png,material
4413,失活菌核,活化状态下蕈兽掉落掉落枯焦状态下蕈兽掉落掉落,手感很好，适合用来解压，但容易造成蕈兽大量孳生，所以不宜商用。,【炼金】休眠菌核,https://uploadstatic.mihoyo.com/ys-obc/2022/07/21/187743934/5cd4c1153e8f49402b4f6f58b8fe6be8_7085963908827716190.png,material
4414,混沌容器,遗迹龙兽掉落,遗迹龙兽可以吸收外界的元素能量，并储存在「颈部」的构件中。,【炼金】混沌模块,https://uploadstatic.mihoyo.com/ys-obc/2022/07/21/187743934/0abf78b5887337862335abbcf70f8eb8_3632876129366587473.png,material
4415,混沌模块,40级以上遗迹龙兽掉落合成获得,「龙」是最为原始、古老的顶级元素受肉之形态，直到它们被击溃、被征服，抑或是被同化。,【炼金】混沌锚栓合成角色与武器培养素材时，有10%概率获得2倍产出。,https://uploadstatic.mihoyo.com/ys-obc/2022/07/21/187743934/c773be47d1efc98e0e11328b4560961a_1857919077445410256.png,material
4416,混沌锚栓,60级以上遗迹龙兽掉落合成获得,已经失落的古国之中，曾有一派人醉心于拟生之原理。无论是无相的纯粹秩序元素，或是龙的亘古原始力量，都应当加以拟造、改良，最终达成超越。如此便能以更为优越的无垢之身，取代终将朽败、终将破碎的秩序。,合成角色与武器培养素材时，有10%概率获得2倍产出。,https://uploadstatic.mihoyo.com/ys-obc/2022/07/21/187743934/ab4f67b027363652bac0491140222860_7620607810860447252.png,material
4417,褪色红绸,镀金旅团掉落星尘兑换,镀金旅团当中常有人以织物遮蔽双眼，而这种举动的肇始早已失落在时之沙海中。,【炼金】镶边红绸,https://uploadstatic.mihoyo.com/ys-obc/2022/07/21/187743934/cbfa672dd32a29571e09612c948f0ad7_3091609313473373425.png,material
4418,镶边红绸,【40级以上】镀金旅团掉落星尘兑换合成获得,老练的战士上能够从对手眼神中的破绽，找到先机。镀金旅团早已失去了可效忠的主，能够相信的只有自己。据说，他们坚信万物皆会背叛，连自己的双眼也不例外。,【炼金】织金红绸合成角色与武器培养素材时，有10%概率获得2倍产出。,https://uploadstatic.mihoyo.com/ys-obc/2022/07/21/187743934/1e769b3fd9f8ef03a942f9aa04d3e047_8595322021270284357.png,material
4419,织金红绸,【60级以上】镀金旅团掉落合成获得,在日光之下如同镀金的沙漠当中出生的遗民，偶尔会唱起含义已被遗忘的歌谣，赞美平等照耀大地的烈日，痛惜黄昏之末的余晖。在歌谣的终章反复出现的陌生词汇，据说是古老神明的名讳。据说，沙漠之王尚在时，子民们不敢直视太阳般的光辉，因而遮住了自己的双目。,合成角色与武器培养素材时，有10%概率获得2倍产出。,https://uploadstatic.mihoyo.com/ys-obc/2022/07/21/187743934/b06eb23178268d5debfe2258a74fdc5f_1956439646194485048.png,material
4420,藏雷野实,【0级以上】掣电树掉落,大地深处咆哮的能量急切地想要倾泻暴怒，于是不幸的藤蔓也沾染了狂躁的气息，挥舞着扭曲的枝条哀号，不知是想要让他人品尝雷火穿身的苦痛，还是挣扎着期待必至的末日。,暂无,https://uploadstatic.mihoyo.com/ys-obc/2022/07/21/187743934/065752631b9b286a19e7567af0bb7b5b_2993632239076629704.png,material
4421,蕈王钩喙,【0级以上】翠翎恐蕈掉落,学者至今都觉得柔软的蕈兽演化出坚如磐石的钩喙是一个奇迹。在演化的终点线上，堪称华美的众蕈之王悠然踱步，时而长鸣，在向雨林中的万物昭告：哪怕再弱小再胆怯的生灵，也有可能成为未来的山林主人。,暂无,https://uploadstatic.mihoyo.com/ys-obc/2022/07/21/187743934/f719c62978ca21fbfe534812180148bd_7560534021570557424.png,material
4422,生长碧翡,【75级以上】翠翎恐蕈挑战奖励炼金合成,「人们手握着手转圈。贤人与愚者，舞女与勇士，人偶与神像···「大家的欢舞里蕴藏着宇宙的一切。『生命』一直都是目的，『智慧』才是手段。」,暂无,https://uploadstatic.mihoyo.com/ys-obc/2022/07/21/187743934/78b6bbdfd3480e0aca43747c89c38e61_5615799684083135041.png,material
4423,生长碧翡块,【60级以上】翠翎恐蕈挑战奖励炼金合成,「人们手握着手转圈。贤人与愚者，舞女与勇士，人偶与神像···」,【炼金】生长碧翡,https://uploadstatic.mihoyo.com/ys-obc/2022/07/21/187743934/ba512686e325b037d982153948b568cb_2087123105971347324.png,material
4424,生长碧翡断片,【40级以上】翠翎恐蕈挑战奖励炼金合成,暂无,【炼金】生长碧翡块,https://uploadstatic.mihoyo.com/ys-obc/2022/07/21/187743934/99724c403a9339063275be49f4e6857b_5169929359223233571.png,material
4779,破缺棱晶,元能构装体掉落星尘兑换,据说这些机械与同样来自沙海深处的「遗迹机关」不同，并不是作为歼灭与征服的使者被制造出来的。,【炼金】混浊棱晶,https://uploadstatic.mihoyo.com/ys-obc/2022/09/27/6276411/5397806ff92c914c8ea3aeaf9602b305_9214756204665921706.png,material
4782,导光四面体,0级以上半永恒统辖矩阵掉落,即使到今日，古老的机械也从未遗忘主人的梦与自己的职责：构筑一千座宫殿、统辖三千台机械、种下一万朵如今已经不再开放的花，为地上一切有灵者重现埋没在沙海中的「乐园」。即使荒漠的王者已经不再，梦想也因为深罪的低语而腐败；即使所有魔柱都完全折断、倒塌，原本受王青睐的巨兽隐入热砂的风暴中。,https://uploadstatic.mihoyo.com/ys-obc/2022/09/27/183046623/12a2ab088afc602e9ab3987d21b759d5_7736139000426854440.png,material
4783,混浊棱晶,40级以上元能构装体掉落星尘兑换合成获得,据说这些机械与同样来自沙海深处的「遗迹机关」不同，并不是作为歼灭与征服的使者被制造出来的。,【炼金】辉光棱晶合成角色与武器培养素材时，有10%概率获得2倍产出。,https://uploadstatic.mihoyo.com/ys-obc/2022/09/27/183046623/179e2b0df12c44716fc84e79254904c4_4391516794811523348.png,material
4785,辉光棱晶,60级以上元能构装体掉落合成获得,荒漠的王曾经做过一个梦，也做出过许多许诺。在荒漠的传说中，这些机械的造物原本是践行诺言的道具，如今也只有它们的机械记忆体中刻写着无人记得的梦与承诺吧。,合成角色与武器培养素材时，有10%概率获得2倍产出。,https://uploadstatic.mihoyo.com/ys-obc/2022/09/27/183046623/326a50dd3b9d1f4688968e6edf64444e_174781132651734756.png,material
4786,永续机芯,0级以上兆载永劫龙兽掉落,即使它所驱动的机体己经被推毁，仍在持续运转着。地上理应不存在无限持续的能源，关于「永动」的研究成果发表也大多被证伪。然而从这枚机芯可以看出，如今已经覆灭的文明曾经一度触及人所不能抵达的领域。,暂无,https://uploadstatic.mihoyo.com/ys-obc/2022/09/27/183046623/e06d0abac93338de5a3eb43989875fa4_5776065185068513074.png,material
2326,鬼兜虫,野外采集,栖息在雷元素富集区域的奇异甲虫。与甲壳上宛如怒目而视的恶鬼之相相反，鬼兜虫其实非常温顺迟钝。在稻妻的民间故事中，说神明在为地上的种种动物分配领地时，厌恶纷争的鬼兜虫最先选择了雷元素富集的土地。在漫长的岁月中，进化出诡谲的图形以恫吓来犯者，进化出能放电的角来摒退掠食者。虽然穿着铠甲、顶着尖角，却是有灵万物中最不爱争斗的。,【锻造】雷之寻宝罗盘的素材【角色突破】,https://uploadstatic.mihoyo.com/ys-obc/2021/07/21/15568211/a126829ad59e8824363d7fd70547a1f8_4692274104524392548.png,material
745,慕风蘑菇,野外采集克罗丽丝【植物学家】购买,沐浴着和煦的风而生长的菌类，与风一样生生不息，滋养生命。,【角色突破】【锻造】,https://uploadstatic.mihoyo.com/ys-obc/2020/07/01/80410800/391703697f11e4bb4ce136794238f6b2_2023961968160416927.png,material
754,石珀,野外采集长顺【商人】购买秋蔚【商人】购买,极纯的岩元素凝成的珍稀晶石，常与其他矿物伴生。也被称为「岩之心」。,【角色突破】【炼金】【锻造】,https://uploadstatic.mihoyo.com/ys-obc/2020/07/01/80410800/279e9e12e3f2934b2b09ba7045608c70_7397635644633454344.png,material
746,塞西莉亚花,野外采集芙萝拉【花店】购买尘歌壶种植,名字与外形同等美丽的花朵，只生长在清冷且风急的高处，如同浪子一样真心难以触碰。,【角色突破】【炼金】,https://uploadstatic.mihoyo.com/ys-obc/2020/07/01/80410800/be2c8e19111a444a66a940124d3113e5_2386745222918792003.png,material
756,琉璃百合,野外采集小白【磨坊主】购买,极为古老的花卉。据说曾经遍布璃月大地，能将大地的记忆积攒成花期的芬芳。,【角色突破】【炼金】,https://uploadstatic.mihoyo.com/ys-obc/2020/07/01/80410800/70e9deaddfc2f39a71b8f4257001bc78_4247746153843528709.png,material
743,小灯草,野外采集芙萝拉【花店】购买,在夜间会隐隐散发辉光的野花。与其他食材一同烹饪能提升鲜味。,【角色突破】【烹饪】,https://uploadstatic.mihoyo.com/ys-obc/2020/07/01/80410800/4a2588721d3cd07d73999934282b794a_6782796073458573466.png,material
749,绝云椒椒,野外采集卯师傅【料理商店】购买,璃月地方特产的辛辣植物。只要闻到它的味道，身体就会变得炽热，渴求水分。,【角色突破】【烹饪】,https://uploadstatic.mihoyo.com/ys-obc/2020/07/01/80410800/3940a13368b69e064f7dda21fe63ceb2_1244274875828738376.png,material
751,清心,野外采集阿桂【不卜庐药师】购买,只生长在孤高石峰的通透白花。不愿接受平原的温暖与湿润，宁可在清冷的尖峰眺望远方。,【角色突破】【烹饪】,https://uploadstatic.mihoyo.com/ys-obc/2020/07/01/80410800/630ee579234eb0200969e5e9d9d46a16_8091821000397840344.png,material
753,琉璃袋,野外采集阿桂【不卜庐药师】购买菲尔戈黛特【望舒客栈】购买,拥有旺盛生命力的小花，传说朝下盛开的花姿是为了守住它的香气。,【角色突破】【烹饪】,https://uploadstatic.mihoyo.com/ys-obc/2020/07/01/80410800/babaaac4176c23ebf83e84c2da61bbf7_8054976531051468815.png,material
748,钩钩果,野外采集,带着钩刺的莓果，会挂在狼的毛皮上来迁徙。看见它时，仿佛能听见狼的凄嚎在林间回荡…,【角色突破】【制作】,https://uploadstatic.mihoyo.com/ys-obc/2020/07/01/80410800/c8c0a50245bbb2608bf7b38b11e39a4a_3965007940127767275.png,material
750,霓裳花,野外采集菲尔戈黛特【望舒客栈】购买小白【磨坊主】购买,在璃月如霓云般盛放的妖红之花，能制成如水般顺滑的织物。,【角色突破】【制作】,https://uploadstatic.mihoyo.com/ys-obc/2020/07/01/80410800/f90216e55d641d7a0b806ed100d79aa7_3446775402484995556.png,material
2612,珊瑚真珠,野外采集稻妻离岛 山城健太【正在征集店名的店主】购买须弥奥摩斯港 巴巴克【店长】购买,与海祇的珊瑚相伴而生的宝珠，散发着月光般的丝丝凉意。,【角色突破】,https://uploadstatic.mihoyo.com/ys-obc/2021/08/31/4820086/14b329077246e42db8b76d2efb61b630_532172194687858565.png,material
2613,天云草实,野外采集,生长在清籁岛的天云草结成的果实，贴在耳畔能听见微弱的电流声。,【角色突破】,https://uploadstatic.mihoyo.com/ys-obc/2021/08/31/4820086/5197b916b931e0e4c1c694e28b00b718_6788733073541165068.png,material
2169,海灵芝,野外采集；稻妻离岛小畑【渔夫】处购买,在某些特殊的海域中、岛屿上才会生长的特殊物种。虽然外形看起来像菌类，但其实是由软体生物分泌增生而成的。,【角色突破】,https://uploadstatic.mihoyo.com/ys-obc/2021/06/15/74192553/ab68e736cb1680cfe98fef21adbbfb73_8613373229910538610.jpg,material
752,夜泊石,野外采集石头【解翠行】购买,稀有的特质矿石，在静谧的暗夜里会幽幽地发光。据称是天地间奔流的元素在异变中凝聚成的珍奇宝石。,【角色突破】,https://uploadstatic.mihoyo.com/ys-obc/2020/07/01/80410800/f70c51d39c7da1b40370de615078bb19_6106335164052246339.png,material
755,星螺,野外采集博来【「万有铺子」老板】购买,随着海潮来到沙滩上的螺。将耳朵凑近空壳，能听见海充满思念的呼唤。,【角色突破】,https://uploadstatic.mihoyo.com/ys-obc/2020/07/01/80410800/5154948713b5418ea53f5511fec9b0a6_7227282419092764906.png,material
2331,鸣草,野外采集葵【「九十九物」店主】购买,即使在无风的日子里，亦会随雷鸣之声隐隐振动的植物。看起来像是花瓣的结构其实是叶片的延伸，保护着脆弱的花朵。,【角色突破】,https://uploadstatic.mihoyo.com/ys-obc/2021/07/21/15568211/4d4b304e272a2c99313932bd3b94c72d_6735008064485391911.png,material
4386,帕蒂沙兰,须弥城附近采集,圣洁而高贵的花卉，对生长环境的要求十分苛刻。花蕊经过加工后可以制成珍贵的香料。,【角色突破】,https://uploadstatic.mihoyo.com/ys-obc/2022/07/21/187743934/a919a09e0cf78ee36287120e21668269_66564613809065953.png,material
2882,幽灯蕈,野外采集推荐:鹤观采集,如同夜灯般微微发光的蘑菇，其中蕴含着不可思议的力量。,【角色突破】,https://uploadstatic.mihoyo.com/ys-obc/2021/10/12/4820086/31b83ace5f84d77e3b39a41666e9345f_5677215569704224959.png,material
4436,劫波莲,1.须弥山崖采集 2.恒纳兰那下方洞窟兰玛尼处购买,生长在山崖峭壁之上的攀援植物开出的花朵。被称为莲只是因为外形相似，本身和莲花并没有什么关系。,【角色突破】,https://uploadstatic.mihoyo.com/ys-obc/2022/07/21/187743934/4432a80bbdd744c839552c14b851dded_6323083465795835099.png,material
4438,树王圣体菇,善见地、道成林等地野外采集；须弥桓那兰那NPC兰玛尼处购买；须弥化城郭NPC阿什帕齐【「大厨」】处购买,如云海般层层叠叠生长的菌类，大多寄生于雨林深处的乔木之上，因此被须弥人视为树王遗德熏结而出的圣体。,【角色突破】,https://uploadstatic.mihoyo.com/ys-obc/2022/07/21/187743934/1445f1435563e0542512d5cc0a2a33f9_4095818768973336607.png,material
4439,月莲,须弥水域采集,生长于林中湿地，散发着同月亮一般皎洁光芒的花卉。只有在夜晚才会绽放。,【角色突破】,https://uploadstatic.mihoyo.com/ys-obc/2022/07/21/187743934/4809810eaf4ff7268b84c2a898538c80_7192220839477862407.png,material
2397,晶化骨髓,野外采集推荐：八酝岛采集,蕴含着「祟神」力量的晶体。治炼时加入这种物质的话，能极大地提高钢铁制品的强度与韧性。在稻妻，所谓的「祟神」即是神骸本身，也是神骸带来的怪象。传说中，产生晶化骨髓的那位魔神还没有成为崇神时，拥有许多名字，其中之一为远吕羽氏尊。远吕羽氏尊的身躯有如海对面陆地的海岸线一般长，声音如同只有暗之外海才能容纳的巨鲸一般悠扬。但在最后，却被连同八酝岛一齐斩断。,【角色突破】,https://uploadstatic.mihoyo.com/ys-obc/2021/07/22/15568211/c670bb1d6a5422b127ac42b8fc246981_6897622777095797105.png,material
742,风车菊,野外采集芙萝拉【花店】购买,喜好风的植物。对于崇信风、本身也如风一般爽朗自在的蒙德人而言，风车菊便是「看得见的风」。,【角色突破】【锻造】,https://uploadstatic.mihoyo.com/ys-obc/2020/07/01/80410800/ae0f01b202a6b21a5873ca543fde61e3_3851694459179631210.png,material
744,蒲公英籽,野外采集卡琵莉亚【「远航之风」店主】购买,随风而行的细小种子。即使拔去了旅行的羽絮，其中也寄宿着远方的希望吧。,【角色突破】【炼金】,https://uploadstatic.mihoyo.com/ys-obc/2020/07/01/80410800/d0ccc26f23018c864f6958f093d4a445_5608725292349568081.png,material
2323,绯樱绣球,野外采集（雷）,从鸣神大社的神樱上飘落的花瓣，怀着稻妻大地的眷顾。,【角色突破】【烹饪】【炼金】,https://uploadstatic.mihoyo.com/ys-obc/2021/07/21/15568211/8bc0b981ae5570fa2b6a074321b3c9f5_6875090577011461690.png,material
747,落落莓,野外采集克罗丽丝【植物学家】购买尘歌壶种植,饱满透亮的莓果，在口中绽放出清甜的花香。在过去，守望风暴的人仅有的慰藉便是落落莓的甜蜜与对城市安宁的希望。,【角色突破】【制作】,https://uploadstatic.mihoyo.com/ys-obc/2020/07/01/80410800/6e3b088750eae0a08eb55eb9cd1ff6e3_5343376061964786434.png,material
4429,须弥蔷薇,野外采集,明艳而深沉的紫色花卉，散发出使行人驻足的馥郁芬芳。虽然被称作蔷薇但其实严格来说应该算作玫瑰。,【炼金】,https://uploadstatic.mihoyo.com/ys-obc/2022/07/21/187743934/c69750ee7c415edde97fa4c23418fe24_6973741713231966547.png,material
759,螃蟹,河岸湖泊海滩采集璃月港卯师傅【料理商店】、老孙【鱼贩】购买稻妻城志村勘兵卫【「志村屋」店主】、小畑【渔夫】购买,生活在近海区的甲壳类动物。细嫩鲜美的肉质，能够很容易地被加工成美味佳肴。,【烹饪】【加工】,https://uploadstatic.mihoyo.com/ys-obc/2020/07/01/80410800/b27f8e901c295bb135413af48c6c81c2_520276161188116576.png,material
783,兽肉,动物掉落；探索派遣；将【冷鲜肉】加工获得；杜拉夫【猎人首领】处购买,兽类的新鲜肉块。经过适当处理可以制成让人元气满满的美食。,【烹饪】【加工】,https://uploadstatic.mihoyo.com/ys-obc/2020/07/01/80410800/b07d1009135449d2d5d1d7f1e9cb3afb_6198080580064945083.png,material
784,禽肉,动物掉落探索派遣杜拉夫【猎人首领】购买,禽类的新鲜肉块。经过适当处理可以制成让人精神一振的佳肴。,【烹饪】【加工】,https://uploadstatic.mihoyo.com/ys-obc/2020/07/01/80410800/5a15553888b0bac74a5df94f61d53be3_1090187100477936348.png,material
790,盐,暂无,带有咸味的调味剂。只要在料理中准确把握[适量]的程度，就能让菜品产生质的提升。,【烹饪】【加工】,https://uploadstatic.mihoyo.com/ys-obc/2020/07/01/80410800/41026e8ba500be30b76c60e9d4002606_7145959321507212224.png,material
761,嘟嘟莲,河岸湖泊采集芙萝拉【花店】尘歌壶种植,生长在水边的花。花瓣经过烹制口感爽脆，清甜微苦。,【烹饪】【角色突破】,https://uploadstatic.mihoyo.com/ys-obc/2020/07/01/80410800/fe11acc823d1873e5af68e6201272dcc_2906216872471585383.png,material
1052,莲蓬,河岸湖泊采集【探索派遣】璃月-遁玉陵卯师傅【料理商店】、阿桂【不卜庐药师】购买,璃月水生的泽芝，花开两株。一株盛放芳香，一株莲蓬清苦。据说能入药。,【烹饪】【炼金】,https://uploadstatic.mihoyo.com/ys-obc/2020/07/30/75795471/f857366dc50726719ec6e20057beabe0_8557836021154060527.png,material
3085,鳗肉,野外采集；稻妻离岛山城健太【正在征集店名的店主】处购买,陆鳗鳗的新鲜肉块，经过适当调理，可以做成极其鲜美的佳肴。,【烹饪】,https://uploadstatic.mihoyo.com/ys-obc/2021/11/05/10875381/aa30d2020d033811e15769dc3f771826_8844892842291854907.png,material
4674,秃秃豆,【兰巴德酒馆】购买,提瓦特常见的豆类作物。带有淡淡的香气，因食用方法多样而被各地民众广泛接受。,【烹饪】,https://uploadstatic.mihoyo.com/ys-obc/2022/09/04/80895453/e1f45234ade5283149b23d135048046d_3263500643095453203.png,material
4705,香辛料,由香辛果烹饪加工获得，加工原料【香辛果*2】须弥区域兰巴德【酒馆老板】、朱特【香料商人】、拉玛【香料商人】、阿什帕齐【「大厨」】、阿扎莱【商人】处购买,符合口味的调味剂。由干燥的香辛果加工而成。能为料理赋予多层次的风味，因而坊间有着是「万物皆可香辛料」的说法。,【烹饪】,https://uploadstatic.mihoyo.com/ys-obc/2022/09/05/80895453/e0535d2d770155770587845ff36cb22d_1576026470469567425.png,material
4795,枣椰,须弥沙漠绿洲采集,沙漠绿洲中的常绿乔木结出的果实。坚硬果皮下的果肉肉质绵厚，甘甜可口，对沙海子民而言是重要的食物来源。,【烹饪】,https://uploadstatic.mihoyo.com/ys-obc/2022/09/27/183046623/4ad20c4c99b79fa98e2095cc1d163076_1054828988536424634.jpg,material
758,松果,野外采集,富含油脂的肥美种子，并不会在松鼠的胃里长成参天大树。,【烹饪】,https://uploadstatic.mihoyo.com/ys-obc/2020/07/01/80410800/81ace87aaabf618022095fe556d38caf_673360530715612233.png,material
760,白萝卜,野外采集、卯师傅【「万民堂」老板】、勘兵卫【「志村屋」店主】购买、蒙德奔狼领、璃月孤云阁、稻妻绀田村派遣探索获得,纤维分明的草本植物。易于种植与收获的作物，富含纤维与营养。,【烹饪】,https://uploadstatic.mihoyo.com/ys-obc/2020/07/01/80410800/de0f96713ee6fc28ed11476bee53ec71_3037492418903412348.png,material
764,卷心菜,野外采集蒙德城莎拉【料理商店】购买璃月港东升【杂货店】购买稻妻城葵【「九十九物」店主】购买,层层相裹的蔬菜。据说曾经是观赏植物，如今在锅里的模样也很棒。,【烹饪】,https://uploadstatic.mihoyo.com/ys-obc/2020/07/01/80410800/f1713b247900e517266513194be110dc_3457860923021528765.png,material
765,胡萝卜,野外采集璃月港卯师傅【「万民堂」老板】购买蒙德奔狼领、璃月孤云阁派遣探索获得,营养非常丰富的草本植物。易于种植与收获的作物，口感清甜爽脆。,【烹饪】,https://uploadstatic.mihoyo.com/ys-obc/2020/07/01/80410800/7b2f466ee4251bb7c1b228b3bb2c577e_1539712318649366378.png,material
766,金鱼草,暂无,烹饪后可食用的植株。作为香料能给食材带来奇妙的滋味。,【烹饪】,https://uploadstatic.mihoyo.com/ys-obc/2020/07/01/80410800/df30de3eeb962233cff4bf679ba04aaa_7167473045303025205.png,material
767,蘑菇,野外采集卯师傅【料理商店】购买,生命力旺盛的常见菌类。只要拥有适宜的荫蔽与水分，在何处都能蓬勃生长。,【烹饪】,https://uploadstatic.mihoyo.com/ys-obc/2020/07/01/80410800/40359e365d1ad1ca74641b208577a5a2_1097256625872815025.png,material
768,鸟蛋,野外采集；探索派遣；杜拉夫【猎人首领】处购买,拥有无限可能性的禽类的卵，能带来一整天所需的蛋白质。,【烹饪】,https://uploadstatic.mihoyo.com/ys-obc/2020/07/01/80410800/8efe4ee0beebd75f2bda0dcf365564de_5740190628605763935.png,material
770,松茸,野外采集卯师傅【料理商店】、菲尔戈黛特【望舒客栈老板】购买璃月遁玉陵派遣探索获得,与松树伴生的珍稀菌类，散发的淡雅鲜香暴露了它的位置。,【烹饪】,https://uploadstatic.mihoyo.com/ys-obc/2020/07/01/80410800/35df2541e18f85e8aac36c64aa7bda4f_6157879499773198460.png,material
771,鱼肉,捕捉鱼类采集；卯师傅【料理商店】、老高【鱼贩】、老孙【鱼贩】、博来【「万有铺子」老板】、小畑【渔夫】、志村勘兵卫【「志村屋」店主】购买；,鱼类的新鲜肉块。经过适当处理可以制成让人回味无穷的菜式。,【烹饪】,https://uploadstatic.mihoyo.com/ys-obc/2020/07/01/80410800/56b4d2c67575b4d03f4c21b56a5151cf_1783097933504099230.png,material
772,熏禽肉,由禽肉与盐烹饪加工获得，加工原料【禽肉*3】、【盐*1】莎拉【料理商店】购买,经过熏制的禽肉。紧实的肉质带来别样的味觉体验。需要将禽肉先行加工，才能制成熏禽肉。,【烹饪】,https://uploadstatic.mihoyo.com/ys-obc/2020/07/01/80410800/9be6fd12d6f9e317d618ccf30393d2e0_7747992911167255101.png,material
773,面粉,暂无,由小麦磨成的粉末。无论做成怎样的主食，都能给食客的胃带来片刻充实。需要将小麦先行加工，才能制成面粉。,【烹饪】,https://uploadstatic.mihoyo.com/ys-obc/2020/07/01/80410800/67f90e97f6279a2c6855c1c1aeecfab0_5769882902188669098.png,material
774,黄油,由牛奶烹饪加工获得，加工原料【牛奶*2】蒙德莎拉【料理商店】购买,将牛奶快速搅拌后提制的奶制品。是制作美味糕点时必备的材料之一。需要将牛奶先行加工，才能制成黄油。,【烹饪】,https://uploadstatic.mihoyo.com/ys-obc/2020/07/01/80410800/3f71b4ba4340724f5ef4cfebf1a70345_2808889948903046548.png,material
775,奶油,由牛奶烹饪加工获得，加工原料【牛奶*1】蒙德莎拉【料理商店】购买,从牛奶中分离提制的乳脂肪。适当添加，能让哪怕平凡的原料，也散发出甜蜜浓厚的香气。需要将牛奶先行加工，才能制成奶油。,【烹饪】,https://uploadstatic.mihoyo.com/ys-obc/2020/07/01/80410800/db22fdea00deb5be20c4d1b50ab35175_8802012577101683990.png,material
776,火腿,由兽肉与盐烹饪加工获得，加工原料【兽肉2】、【盐*1】莎拉【料理商店】购买卯师傅【料理商店】购买,经过熏制的腿部兽肉。薄薄的一片就能带来满嘴的芳香。需要将兽肉先行加工，才能制成火腿。,【烹饪】,https://uploadstatic.mihoyo.com/ys-obc/2020/07/01/80410800/dc81e4bef9fe35d8e99ff22c29ff6b7c_1051561652946561732.png,material
777,糖,由甜甜花烹饪加工获得，加工原料【甜甜花*2】莎拉【料理商店】、卯师傅【料理商店】、志村勘兵卫【「志村屋」店主】购买,提炼自甜甜花的调味剂。它的甜味仿佛有着与人共鸣的力量，能够驱散内心的阴霾。需要的话，可以去城里的商人那看看，或者用甜甜花加工制成。,【烹饪】,https://uploadstatic.mihoyo.com/ys-obc/2020/07/01/80410800/5570edca90d5408ab8e7974b6c1c9517_6046280439375999905.png,material
778,蟹黄,由螃蟹烹饪加工获得，加工原料【螃蟹*4】莎拉【料理商店】购买,母蟹体内独有的美味。稀少而又珍贵的蟹黄，聚集了螃蟹的精华。但并非所有人都擅于品尝这种美味。,【烹饪】,https://uploadstatic.mihoyo.com/ys-obc/2020/07/01/80410800/60c90335f0d2f59d9670505d9b66f0d4_2953572502965542317.png,material
779,果酱,由日落果、树莓与糖烹饪加工获得，加工原料【日落果3】、【树莓2】、【糖*1】莎拉【料理商店】购买,由水果和糖熬制而成的凝胶物质。只要少量就能轻易唤醒疲惫的味蕾。需要将日落果和树莓先行加工，才能制成果酱。,【烹饪】,https://uploadstatic.mihoyo.com/ys-obc/2020/07/01/80410800/a60af22d9a9afa72b0fd0e8473f0297e_1967452445530866532.png,material
780,奶酪,由牛奶烹饪加工获得，加工原料【牛奶*3】莎拉【料理商店】购买,由牛奶浓缩发酵制成的奶制品。提供热量的同时，赋予了烹饪无限可能性。需要将牛奶先行加工，才能制成奶酪。,【烹饪】,https://uploadstatic.mihoyo.com/ys-obc/2020/07/01/80410800/78cbf5887cda9ba2657c37a67eb410e7_7403918966194496956.png,material
781,培根,由兽肉与盐烹饪加工获得，加工原料【兽肉*2】、【盐*2】莎拉【料理商店】、志村勘兵卫【「志村屋」店主】购买,经过熏制的肋条兽肉。层次丰富，肥而不腻正是它广受欢迎的原因。需要将兽肉先行加工，才能制成培根。,【烹饪】,https://uploadstatic.mihoyo.com/ys-obc/2020/07/01/80410800/e49b8779d232e753ac320ad26ac783fe_2736828702962278699.png,material
782,香肠,由兽肉烹饪加工获得，加工原料【兽肉*3】莎拉【料理商店】、卯师傅【料理商店】、志村勘兵卫【「志村屋」店主】购买,灌入肠衣后制成的条状兽肉。便于储存的特性，极大地满足了肉食爱好者的日常需要。需要将兽肉先行加工，才能制成香肠。,【烹饪】,https://uploadstatic.mihoyo.com/ys-obc/2020/07/01/80410800/e6dae126b7289dbdbc695d1d930e0621_6988827935471834390.png,material
785,洋葱,布兰琪【百货商店】、东升【杂货店】、葵【「九十九物」店主】购买,球状的草本植物。为了报复切碎它的人，不管人的心情好坏都会让他落泪。,【烹饪】,https://uploadstatic.mihoyo.com/ys-obc/2020/07/01/80410800/8f71807cb10c1ebd896c60bc70251ca9_9041820745197948702.png,material
787,土豆,蒙德布兰琪【百货商店】、璃月东升【杂货店】、稻妻葵【「九十九物」店主】、清子【商人】购买,块状的草本植物。来自大地的馈赠，是不管怎样加工都永远吃不腻的一味神奇食材。,【烹饪】,https://uploadstatic.mihoyo.com/ys-obc/2020/07/01/80410800/4d9a2a165e474fa537dc70feecf8ca5d_1608345031756020719.png,material
788,番茄,野外采集蒙德布兰琪【百货商店】、璃月东升【杂货店】、稻妻葵【「九十九物」店主】、清子【商人】购买,外皮鲜红的草本植物。色泽艳丽，酸甜多汁。关于它到底属于水果还是蔬菜的争论自古有之。,【烹饪】,https://uploadstatic.mihoyo.com/ys-obc/2020/07/01/80410800/5f15874ef16a3642fdcbd1648282fbfe_7642638985946125906.png,material
791,豆腐,璃月轻策庄小白【磨坊主】购买璃月港东升【杂货店】购买稻妻鸣神岛葵【「九十九物」店主】购买,鲜嫩的豆制品。口感如凝胶般细嫩。,【烹饪】,https://uploadstatic.mihoyo.com/ys-obc/2020/07/01/80410800/e86a2e0324e111aabe8e5802d6938ca7_6427782860365132123.png,material
2328,堇瓜,稻妻野外采集「志村屋」餐厅购买、稻妻绀田村探索派遣获得,有着色泽艳丽的外皮的果实，其中的果肉可以在烹饪后转化为口感独特的食物。在稻妻，存在着利用这种果实的外皮加工成染料的传统工艺。据说在过去，绀田村曾经种植堇瓜，以秘不外传的「绀田染」工艺生产着色泽明丽的布匹。,【烹饪】,https://uploadstatic.mihoyo.com/ys-obc/2021/07/21/15568211/4357786fa3edf5d7a091f996d5394aba_2041177947564114906.png,material
2329,海草,暂无,生长在浅海中的植物，能为菜肴增添特殊的风味。,【烹饪】,https://uploadstatic.mihoyo.com/ys-obc/2021/07/21/15568211/05802c32dc11a06160f5ab73b69123f6_5967866927142703420.png,material
792,稻米,「荣发商铺」店主、「九十九物」店主购买,提瓦特常见的禾本作物。无论是什么样的人，都能欣赏这种颗粒分明的饱满口感，正所谓【一样米养百样人】。,【烹饪】,https://uploadstatic.mihoyo.com/ys-obc/2020/07/01/80410800/7b9e0d04d6034aef02b08b36c2bd5b2a_9102556493251260644.png,material
794,虾仁,璃月东升【杂货店】、老孙【鱼贩】，稻妻葵【九十九物】购买,饱满的深海虾仁。拥有丰富的营养与压倒性的鲜美风味。,【烹饪】,https://uploadstatic.mihoyo.com/ys-obc/2020/07/01/80410800/aa60cf12362e0e47b3bbf09264056df4_3648785555912655224.png,material
793,杏仁,东升【杂货店】购买,有着奇特香味的种子。能给食物带来全然不同的清新风味。,【烹饪】,https://uploadstatic.mihoyo.com/ys-obc/2020/07/01/80410800/a893e329530606b2a0fc87aa45ca68eb_5375449393648051231.png,material
1316,竹笋,野外采集卯师傅【料理商店】购买,新鲜生长出土的竹子嫩芽。有着奇妙的芳香，是只有竹子生长的地方才会出产的美味食材。,【烹饪】,https://uploadstatic.mihoyo.com/ys-obc/2020/12/14/79683714/4242c20fdcd41e4cafebe2b86bfc9693_140289927135482572.png,material
4430,墩墩桃,野外采集,林中灌木结出的果实。肉质敦实，味道香甜可口。据说食用后还有宁心安神的功效。,【烹饪】,https://uploadstatic.mihoyo.com/ys-obc/2022/07/21/187743934/31fd1ec7d6f632b198d8a997293c528e_4011901940068622263.png,material
789,胡椒,布兰琪【百货商店】、东升【杂货店】、葵【「九十九物」店主】购买,带有香辛味的调味剂。能够解腻并激发食材的香味，和肉搭配在一起最佳。,【烹饪】,https://uploadstatic.mihoyo.com/ys-obc/2020/07/01/80410800/ff74957d00f1947e1b90869e14c44242_2606922849590215213.png,material
763,甜甜花,野外采集、蒙德城芙萝拉【花店】处购买、蒙德望风山地、稻妻白狐之野派遣探索获得,香气浓郁的植株。即便在黑暗中，也能循着芬芳的气息找到的花朵。在提瓦特大陆上，是制糖的常用材料。,【烹饪】【加工】,https://uploadstatic.mihoyo.com/ys-obc/2020/07/01/80410800/f2c9f0f9ac303f9152e1540c1d6d75e2_8577574062288303467.png,material
769,树莓,野外采集,颜色鲜艳的果实。遍布野外的小小美好，能将路途疲惫一扫而空。,【烹饪】【加工】,https://uploadstatic.mihoyo.com/ys-obc/2020/07/01/80410800/3fa9bb798c7188a636819cc2fdb1a6bb_5332845616269189776.png,material
786,牛奶,蒙德布兰琪【百货商店】、璃月东升【杂货店】、稻妻葵【「九十九物」店主】、清子【商人】购买,奶牛的乳汁。香香甜甜，嘴角的那滴也不想放过。,【烹饪】【加工】,https://uploadstatic.mihoyo.com/ys-obc/2020/07/01/80410800/83d5e1ea7f34a394a84668d2dbbc7863_6371722647007718879.png,material
1391,「冷鲜肉」,雪猪、「大雪猪王」掉落,稀有的鲜美肉类。据记载在数百年前已经灭绝的走豕品种，因为龙脊雪山的极端天候而被保存了下来。对于提瓦特的老饕们而言，是福音般神圣的极佳食材。,【烹饪】【加工】【交付】每日委托 中度冰寒,https://uploadstatic.mihoyo.com/ys-obc/2020/12/23/15568211/baea64ab485c2d899f21cd19afb1fdcf_7288843798583566598.png,material
733,马尾,野外采集阿桂【不卜庐药师】购买家园种植,偶然随荻草生长的紫色植物。比周围的荻草更为挺拔、饱满，如同崇高的人。,【烹饪】【炼金】,https://uploadstatic.mihoyo.com/ys-obc/2020/07/01/80410800/ceb15ff302ab55df5ff2094c8e44a282_2907124266664349998.png,material
762,薄荷,野外采集克罗丽丝【植物学家】购买,饱含清凉成分的植物叶子。清爽冰凉的滋味能将暑气荡涤一空。薄荷广袤分布在大陆各处，拥有旺盛的生命力。,【烹饪】【炼金】,https://uploadstatic.mihoyo.com/ys-obc/2020/07/01/80410800/37ab62431b37c54dc094fd63a02a7efb_7321596372678718878.png,material
4784,圣金虫,须弥沙漠遗迹采集,栖息在浩瀚沙海之中的顽强甲虫。甲壳上的金色纹路似乎暗示着它们与遍布沙漠的古老遗迹间存在某种渊源。,【突破】,https://uploadstatic.mihoyo.com/ys-obc/2022/09/27/183046623/b87d580235b6f27ae6d014c7d572af65_6817804334125365067.png,material
4789,赤念果,须弥沙漠采集,在恶劣的沙漠环境中也能存活的植物所结的果子，赤红的果实在黄沙映村下显得格外动人。,【突破】,https://uploadstatic.mihoyo.com/ys-obc/2022/09/27/183046623/2a092e24fcac09f5f3b65b01c0b112db_5228872759946284822.png,material
3161,兽境王器,暂无,战胜王兽后，得到的折断犄角。在它遭到驱逐后，不应残留在此世才对。即使在兽境群狼中贵为王兽，在魔兽的系谱中也不及其兄长们的万分之一吧。「黄金」将无数兽境的群狼如同将弃置的画纸一般压缩后而意外产生的畸形魔兽，而寄寓在其犄角中的是足以号令黑色的狼群为它溶解空间的权威。,角色培养素材,https://uploadstatic.mihoyo.com/ys-obc/2021/11/23/4820086/a1730b9d1d01561b6e20db321049b90a_4570601750649999211.png,material
3392,龙嗣伪鳍,暂无,击败深海龙蜥之后，可以拾取到的一截生物组织。虽然看起来像是鲨鳍，但其实并不发挥什么作用。曾经的白夜国之民对深海龙蜥有深入的研究。它们最为不同的一点就是可以靠意志决定自身特征的去留与遗传。因为厌恶人造光源，龙蜥成年就会失去视觉上的大部分细节;同时为了战斗，它们进化出了其他元素的行为多型性。,角色培养素材,https://uploadstatic.mihoyo.com/ys-obc/2022/01/04/4820086/acf8d44d6c263417a7e2c59886f0e26a_6821102751609472822.png,material
3571,祸神之禊泪,70级以上永恒的守护者挑战奖励,从净土中取回的人偶关节，这一部分乃是「恶曜之眼」的造型。仅仅依靠凝视就可以降下灾祸与诅咒，因此把人生之不顺归咎于「祸神」似乎理所当然。但是好好想想吧，倘若意志足够强大，信念足够坚定…万劫太过久远，凶星恶曜亦能以泪涤净自身。,角色培养素材,https://uploadstatic.mihoyo.com/ys-obc/2022/02/15/4820086/93c6c4f4412ce4a4294587de74fb6082_8206180629644313814.png,material
3572,万劫之真意,70级以上永恒的守护者挑战奖励,在一切尘埃落定之后，从净土带回的小小头饰。—念则万劫尽，总有思念可以超越时间。百千万劫，「真」实之意，不知道是否传达到了。,角色培养素材,https://uploadstatic.mihoyo.com/ys-obc/2022/02/15/4820086/cc3e1c4db7481a51906ce53e3c17d194_6358354729575715626.png,material
3570,凶将之手眼,70级以上永恒的守护者挑战奖励,"从净土中取回来的人偶关节,这一部分乃是象征着「所见即所为」的手眼造型。已经化做祸神的「她」，同样可以驾驭此等手眼神通。目光所见之瞬间,便已斩出一刀。然而万劫太过久远，凶将之骸亦得春生。",角色天赋素材,https://uploadstatic.mihoyo.com/ys-obc/2022/02/15/4820086/9cb14fc38bd9bf155c603e98b5a620c3_1516706338928389119.png,material
2355,血斛,暂无,在诗文中也被称为「赤蕊」的鲜艳植物，一度在稻妻列岛绝迹，如今在战场上再度重现。传说在血腥的战场上，它们开得格外妖艳。虽然格外稀少昂贵，但由于在稻妻人心中颇为不祥，销路也不大。传言说这植物以鲜血浇灌而成，愈是血腥惨烈的战场，血斛便开得愈发盛大艳丽。稻妻人认为，战殁的灵魂将踏着血斛之花铺成的曲折道路前往彼世，归于永恒的元素循环；但对「永恒」抱持怀疑而迷惘的魂灵，将会被大地束缚，成为朱色苗圃中的另一朵妖红之花,角色突破,https://uploadstatic.mihoyo.com/ys-obc/2021/07/21/74192553/70da85c417a4c255293a4a3cf7e91cd7_6907846320103108626.png,material
4425,生长碧翡碎屑,翠翎恐蕈、无相之草掉落,暂无,角色突破素材【炼金】生长碧翡断片,https://uploadstatic.mihoyo.com/ys-obc/2022/07/21/187743934/d2b2fd9ed32f4a2a4f1f3b31888cdd1d_1229432087471324930.png,material
643,苹果,暂无,爽脆可口的酸甜果实，无论生食或是酿酒都很是美味。,暂无,https://uploadstatic.mihoyo.com/ys-obc/2020/05/30/31153611/74f7a76c59163086fae141d90b647570_455389260067049817.png,material
660,日落果,暂无,遍布提瓦特大陆的自然恩惠，如夕阳般靓丽美好的饱满果实。有着奇异的香甜气味，能让人精神百倍。,暂无,https://uploadstatic.mihoyo.com/ys-obc/2020/06/13/6381993/263431e5da111e3214558f6449c9cb87_5740194588254392427.png,material
3914,星蕈,暂无,"伞盖形如五角星星一般的菌类，生命力十分顽强。成熟后，伞盖中央会裂开。', '伞盖形如五角星星一般的菌类，生命力十分顽强。看上去似乎充满了活力。', '伞盖形如五角星星一般的菌类，生命力十分顽强。看上去似乎被烤焦了。",暂无,https://uploadstatic.mihoyo.com/ys-obc/2022/04/02/75610764/7ae6dfd9880b52066ec139aef6ded47c_1841438030690326382.png,material
999999,摩拉,暂无,暂无,暂无,暂无,material